ISO-10303-21;
HEADER;
/* Generated by software containing ST-Developer
 * from STEP Tools, Inc. (www.steptools.com) 
 */
/* OPTION: using custom renumber hook */

FILE_DESCRIPTION(
/* description */ ('STEP AP242',
'CAx-IF Rec.Pracs.---Representation and Presentation of Product Manufa
cturing Information (PMI)---4.0---2014-10-13',
'CAx-IF Rec.Pracs.---3D Tessellated Geometry---0.4---2014-09-14','2;1'),

/* implementation_level */ '2;1');

FILE_NAME(
/* name */ '68954e2eb54ea31df330fc9d',
/* time_stamp */ '2025-08-08T01:09:02Z',
/* author */ (''),
/* organization */ (''),
/* preprocessor_version */ 'ST-DEVELOPER v20',
/* originating_system */ 'ONSHAPE BY PTC INC, 1.202',
/* authorisation */ '  ');

FILE_SCHEMA (('AP242_MANAGED_MODEL_BASED_3D_ENGINEERING_MIM_LF { 1 0 10303 442 1 1 4 }'));
ENDSEC;

DATA;
#10=SHAPE_REPRESENTATION_RELATIONSHIP('','',#2503,#11);
#11=ADVANCED_BREP_SHAPE_REPRESENTATION('',(#2501),#4235);
#12=CYLINDRICAL_SURFACE('',#2648,0.0325);
#13=CYLINDRICAL_SURFACE('',#2649,0.0021);
#14=CYLINDRICAL_SURFACE('',#2650,0.0021);
#15=CYLINDRICAL_SURFACE('',#2651,0.0021);
#16=CYLINDRICAL_SURFACE('',#2652,0.0021);
#17=CYLINDRICAL_SURFACE('',#2658,0.002);
#18=CYLINDRICAL_SURFACE('',#2659,0.002);
#19=CYLINDRICAL_SURFACE('',#2660,0.002);
#20=CYLINDRICAL_SURFACE('',#2661,0.002);
#21=CYLINDRICAL_SURFACE('',#2664,0.0355);
#22=CYLINDRICAL_SURFACE('',#2665,0.002);
#23=CYLINDRICAL_SURFACE('',#2666,0.002);
#24=CYLINDRICAL_SURFACE('',#2667,0.002);
#25=CYLINDRICAL_SURFACE('',#2670,0.0355);
#26=CYLINDRICAL_SURFACE('',#2671,0.002);
#27=CYLINDRICAL_SURFACE('',#2672,0.002);
#28=CYLINDRICAL_SURFACE('',#2673,0.002);
#29=CYLINDRICAL_SURFACE('',#2676,0.0355);
#30=CYLINDRICAL_SURFACE('',#2677,0.002);
#31=CYLINDRICAL_SURFACE('',#2678,0.002);
#32=CYLINDRICAL_SURFACE('',#2679,0.002);
#33=CYLINDRICAL_SURFACE('',#2682,0.0355);
#34=CYLINDRICAL_SURFACE('',#2683,0.002);
#35=CYLINDRICAL_SURFACE('',#2684,0.002);
#36=CYLINDRICAL_SURFACE('',#2685,0.002);
#37=CYLINDRICAL_SURFACE('',#2686,0.0355);
#38=CYLINDRICAL_SURFACE('',#2689,0.002);
#39=CYLINDRICAL_SURFACE('',#2690,0.002);
#40=CYLINDRICAL_SURFACE('',#2691,0.002);
#41=CYLINDRICAL_SURFACE('',#2692,0.0355);
#42=CYLINDRICAL_SURFACE('',#2695,0.002);
#43=CYLINDRICAL_SURFACE('',#2696,0.002);
#44=CYLINDRICAL_SURFACE('',#2697,0.002);
#45=CYLINDRICAL_SURFACE('',#2698,0.0355);
#46=CYLINDRICAL_SURFACE('',#2701,0.002);
#47=CYLINDRICAL_SURFACE('',#2702,0.002);
#48=CYLINDRICAL_SURFACE('',#2703,0.002);
#49=CYLINDRICAL_SURFACE('',#2708,0.002);
#50=CYLINDRICAL_SURFACE('',#2709,0.002);
#51=CYLINDRICAL_SURFACE('',#2710,0.002);
#52=CYLINDRICAL_SURFACE('',#2711,0.002);
#53=CYLINDRICAL_SURFACE('',#2716,0.002);
#54=CYLINDRICAL_SURFACE('',#2717,0.002);
#55=CYLINDRICAL_SURFACE('',#2718,0.002);
#56=CYLINDRICAL_SURFACE('',#2719,0.002);
#57=CYLINDRICAL_SURFACE('',#2724,0.002);
#58=CYLINDRICAL_SURFACE('',#2725,0.002);
#59=CYLINDRICAL_SURFACE('',#2726,0.002);
#60=CYLINDRICAL_SURFACE('',#2727,0.002);
#61=CYLINDRICAL_SURFACE('',#2732,0.002);
#62=CYLINDRICAL_SURFACE('',#2733,0.002);
#63=CYLINDRICAL_SURFACE('',#2734,0.002);
#64=CYLINDRICAL_SURFACE('',#2735,0.002);
#65=CYLINDRICAL_SURFACE('',#2738,0.0355);
#66=CYLINDRICAL_SURFACE('',#2739,0.002);
#67=CYLINDRICAL_SURFACE('',#2740,0.002);
#68=CYLINDRICAL_SURFACE('',#2741,0.002);
#69=CYLINDRICAL_SURFACE('',#2746,0.002);
#70=CYLINDRICAL_SURFACE('',#2747,0.002);
#71=CYLINDRICAL_SURFACE('',#2748,0.002);
#72=CYLINDRICAL_SURFACE('',#2749,0.002);
#73=CYLINDRICAL_SURFACE('',#2754,0.002);
#74=CYLINDRICAL_SURFACE('',#2755,0.002);
#75=CYLINDRICAL_SURFACE('',#2756,0.002);
#76=CYLINDRICAL_SURFACE('',#2757,0.002);
#77=CYLINDRICAL_SURFACE('',#2762,0.002);
#78=CYLINDRICAL_SURFACE('',#2763,0.002);
#79=CYLINDRICAL_SURFACE('',#2764,0.002);
#80=CYLINDRICAL_SURFACE('',#2765,0.002);
#81=LINE('',#3515,#301);
#82=LINE('',#3519,#302);
#83=LINE('',#3523,#303);
#84=LINE('',#3527,#304);
#85=LINE('',#3528,#305);
#86=LINE('',#3533,#306);
#87=LINE('',#3537,#307);
#88=LINE('',#3541,#308);
#89=LINE('',#3547,#309);
#90=LINE('',#3551,#310);
#91=LINE('',#3555,#311);
#92=LINE('',#3559,#312);
#93=LINE('',#3567,#313);
#94=LINE('',#3571,#314);
#95=LINE('',#3575,#315);
#96=LINE('',#3579,#316);
#97=LINE('',#3583,#317);
#98=LINE('',#3587,#318);
#99=LINE('',#3588,#319);
#100=LINE('',#3593,#320);
#101=LINE('',#3597,#321);
#102=LINE('',#3601,#322);
#103=LINE('',#3611,#323);
#104=LINE('',#3615,#324);
#105=LINE('',#3623,#325);
#106=LINE('',#3627,#326);
#107=LINE('',#3635,#327);
#108=LINE('',#3639,#328);
#109=LINE('',#3647,#329);
#110=LINE('',#3651,#330);
#111=LINE('',#3659,#331);
#112=LINE('',#3663,#332);
#113=LINE('',#3664,#333);
#114=LINE('',#3669,#334);
#115=LINE('',#3673,#335);
#116=LINE('',#3677,#336);
#117=LINE('',#3680,#337);
#118=LINE('',#3683,#338);
#119=LINE('',#3685,#339);
#120=LINE('',#3687,#340);
#121=LINE('',#3705,#341);
#122=LINE('',#3709,#342);
#123=LINE('',#3717,#343);
#124=LINE('',#3721,#344);
#125=LINE('',#3725,#345);
#126=LINE('',#3729,#346);
#127=LINE('',#3733,#347);
#128=LINE('',#3737,#348);
#129=LINE('',#3741,#349);
#130=LINE('',#3745,#350);
#131=LINE('',#3749,#351);
#132=LINE('',#3753,#352);
#133=LINE('',#3755,#353);
#134=LINE('',#3760,#354);
#135=LINE('',#3764,#355);
#136=LINE('',#3768,#356);
#137=LINE('',#3771,#357);
#138=LINE('',#3776,#358);
#139=LINE('',#3780,#359);
#140=LINE('',#3784,#360);
#141=LINE('',#3787,#361);
#142=LINE('',#3792,#362);
#143=LINE('',#3796,#363);
#144=LINE('',#3800,#364);
#145=LINE('',#3808,#365);
#146=LINE('',#3812,#366);
#147=LINE('',#3820,#367);
#148=LINE('',#3824,#368);
#149=LINE('',#3832,#369);
#150=LINE('',#3836,#370);
#151=LINE('',#3844,#371);
#152=LINE('',#3848,#372);
#153=LINE('',#3851,#373);
#154=LINE('',#3856,#374);
#155=LINE('',#3860,#375);
#156=LINE('',#3864,#376);
#157=LINE('',#3877,#377);
#158=LINE('',#3880,#378);
#159=LINE('',#3882,#379);
#160=LINE('',#3884,#380);
#161=LINE('',#3890,#381);
#162=LINE('',#3894,#382);
#163=LINE('',#3902,#383);
#164=LINE('',#3906,#384);
#165=LINE('',#3914,#385);
#166=LINE('',#3918,#386);
#167=LINE('',#3921,#387);
#168=LINE('',#3926,#388);
#169=LINE('',#3930,#389);
#170=LINE('',#3934,#390);
#171=LINE('',#3937,#391);
#172=LINE('',#3942,#392);
#173=LINE('',#3946,#393);
#174=LINE('',#3950,#394);
#175=LINE('',#3953,#395);
#176=LINE('',#3958,#396);
#177=LINE('',#3962,#397);
#178=LINE('',#3966,#398);
#179=LINE('',#3969,#399);
#180=LINE('',#3974,#400);
#181=LINE('',#3978,#401);
#182=LINE('',#3982,#402);
#183=LINE('',#3990,#403);
#184=LINE('',#3994,#404);
#185=LINE('',#3998,#405);
#186=LINE('',#3999,#406);
#187=LINE('',#4001,#407);
#188=LINE('',#4003,#408);
#189=LINE('',#4011,#409);
#190=LINE('',#4012,#410);
#191=LINE('',#4014,#411);
#192=LINE('',#4015,#412);
#193=LINE('',#4017,#413);
#194=LINE('',#4018,#414);
#195=LINE('',#4020,#415);
#196=LINE('',#4021,#416);
#197=LINE('',#4027,#417);
#198=LINE('',#4028,#418);
#199=LINE('',#4030,#419);
#200=LINE('',#4031,#420);
#201=LINE('',#4033,#421);
#202=LINE('',#4034,#422);
#203=LINE('',#4039,#423);
#204=LINE('',#4040,#424);
#205=LINE('',#4042,#425);
#206=LINE('',#4043,#426);
#207=LINE('',#4045,#427);
#208=LINE('',#4046,#428);
#209=LINE('',#4051,#429);
#210=LINE('',#4052,#430);
#211=LINE('',#4054,#431);
#212=LINE('',#4055,#432);
#213=LINE('',#4057,#433);
#214=LINE('',#4058,#434);
#215=LINE('',#4063,#435);
#216=LINE('',#4064,#436);
#217=LINE('',#4066,#437);
#218=LINE('',#4067,#438);
#219=LINE('',#4069,#439);
#220=LINE('',#4070,#440);
#221=LINE('',#4075,#441);
#222=LINE('',#4076,#442);
#223=LINE('',#4078,#443);
#224=LINE('',#4079,#444);
#225=LINE('',#4081,#445);
#226=LINE('',#4082,#446);
#227=LINE('',#4087,#447);
#228=LINE('',#4088,#448);
#229=LINE('',#4090,#449);
#230=LINE('',#4091,#450);
#231=LINE('',#4093,#451);
#232=LINE('',#4094,#452);
#233=LINE('',#4099,#453);
#234=LINE('',#4100,#454);
#235=LINE('',#4102,#455);
#236=LINE('',#4103,#456);
#237=LINE('',#4105,#457);
#238=LINE('',#4106,#458);
#239=LINE('',#4111,#459);
#240=LINE('',#4112,#460);
#241=LINE('',#4114,#461);
#242=LINE('',#4115,#462);
#243=LINE('',#4117,#463);
#244=LINE('',#4118,#464);
#245=LINE('',#4120,#465);
#246=LINE('',#4121,#466);
#247=LINE('',#4127,#467);
#248=LINE('',#4128,#468);
#249=LINE('',#4130,#469);
#250=LINE('',#4131,#470);
#251=LINE('',#4133,#471);
#252=LINE('',#4134,#472);
#253=LINE('',#4136,#473);
#254=LINE('',#4137,#474);
#255=LINE('',#4143,#475);
#256=LINE('',#4144,#476);
#257=LINE('',#4146,#477);
#258=LINE('',#4147,#478);
#259=LINE('',#4149,#479);
#260=LINE('',#4150,#480);
#261=LINE('',#4152,#481);
#262=LINE('',#4153,#482);
#263=LINE('',#4159,#483);
#264=LINE('',#4160,#484);
#265=LINE('',#4162,#485);
#266=LINE('',#4163,#486);
#267=LINE('',#4165,#487);
#268=LINE('',#4166,#488);
#269=LINE('',#4168,#489);
#270=LINE('',#4169,#490);
#271=LINE('',#4175,#491);
#272=LINE('',#4176,#492);
#273=LINE('',#4178,#493);
#274=LINE('',#4179,#494);
#275=LINE('',#4181,#495);
#276=LINE('',#4182,#496);
#277=LINE('',#4187,#497);
#278=LINE('',#4188,#498);
#279=LINE('',#4190,#499);
#280=LINE('',#4191,#500);
#281=LINE('',#4193,#501);
#282=LINE('',#4194,#502);
#283=LINE('',#4196,#503);
#284=LINE('',#4197,#504);
#285=LINE('',#4203,#505);
#286=LINE('',#4204,#506);
#287=LINE('',#4206,#507);
#288=LINE('',#4207,#508);
#289=LINE('',#4209,#509);
#290=LINE('',#4210,#510);
#291=LINE('',#4212,#511);
#292=LINE('',#4213,#512);
#293=LINE('',#4219,#513);
#294=LINE('',#4220,#514);
#295=LINE('',#4222,#515);
#296=LINE('',#4223,#516);
#297=LINE('',#4225,#517);
#298=LINE('',#4226,#518);
#299=LINE('',#4228,#519);
#300=LINE('',#4229,#520);
#301=VECTOR('',#2772,1.);
#302=VECTOR('',#2775,1.);
#303=VECTOR('',#2778,1.);
#304=VECTOR('',#2781,1.);
#305=VECTOR('',#2782,1.);
#306=VECTOR('',#2785,1.);
#307=VECTOR('',#2788,1.);
#308=VECTOR('',#2791,1.);
#309=VECTOR('',#2796,1.);
#310=VECTOR('',#2799,1.);
#311=VECTOR('',#2802,1.);
#312=VECTOR('',#2805,1.);
#313=VECTOR('',#2812,1.);
#314=VECTOR('',#2815,1.);
#315=VECTOR('',#2818,1.);
#316=VECTOR('',#2821,1.);
#317=VECTOR('',#2824,1.);
#318=VECTOR('',#2827,1.);
#319=VECTOR('',#2828,1.);
#320=VECTOR('',#2831,1.);
#321=VECTOR('',#2834,1.);
#322=VECTOR('',#2837,1.);
#323=VECTOR('',#2846,1.);
#324=VECTOR('',#2849,1.);
#325=VECTOR('',#2856,1.);
#326=VECTOR('',#2859,1.);
#327=VECTOR('',#2866,1.);
#328=VECTOR('',#2869,1.);
#329=VECTOR('',#2876,1.);
#330=VECTOR('',#2879,1.);
#331=VECTOR('',#2886,1.);
#332=VECTOR('',#2889,1.);
#333=VECTOR('',#2890,1.);
#334=VECTOR('',#2893,1.);
#335=VECTOR('',#2896,1.);
#336=VECTOR('',#2899,1.);
#337=VECTOR('',#2902,1.);
#338=VECTOR('',#2903,1.);
#339=VECTOR('',#2904,1.);
#340=VECTOR('',#2905,1.);
#341=VECTOR('',#2922,1.);
#342=VECTOR('',#2925,1.);
#343=VECTOR('',#2932,1.);
#344=VECTOR('',#2935,1.);
#345=VECTOR('',#2938,1.);
#346=VECTOR('',#2941,1.);
#347=VECTOR('',#2944,1.);
#348=VECTOR('',#2947,1.);
#349=VECTOR('',#2950,1.);
#350=VECTOR('',#2953,1.);
#351=VECTOR('',#2956,1.);
#352=VECTOR('',#2959,1.);
#353=VECTOR('',#2962,1.);
#354=VECTOR('',#2965,1.);
#355=VECTOR('',#2968,1.);
#356=VECTOR('',#2971,1.);
#357=VECTOR('',#2974,1.);
#358=VECTOR('',#2977,1.);
#359=VECTOR('',#2980,1.);
#360=VECTOR('',#2983,1.);
#361=VECTOR('',#2986,1.);
#362=VECTOR('',#2989,1.);
#363=VECTOR('',#2992,1.);
#364=VECTOR('',#2995,1.);
#365=VECTOR('',#3002,1.);
#366=VECTOR('',#3005,1.);
#367=VECTOR('',#3012,1.);
#368=VECTOR('',#3015,1.);
#369=VECTOR('',#3022,1.);
#370=VECTOR('',#3025,1.);
#371=VECTOR('',#3032,1.);
#372=VECTOR('',#3035,1.);
#373=VECTOR('',#3038,1.);
#374=VECTOR('',#3041,1.);
#375=VECTOR('',#3044,1.);
#376=VECTOR('',#3047,1.);
#377=VECTOR('',#3060,1.);
#378=VECTOR('',#3061,1.);
#379=VECTOR('',#3062,1.);
#380=VECTOR('',#3063,1.);
#381=VECTOR('',#3068,1.);
#382=VECTOR('',#3071,1.);
#383=VECTOR('',#3078,1.);
#384=VECTOR('',#3081,1.);
#385=VECTOR('',#3088,1.);
#386=VECTOR('',#3091,1.);
#387=VECTOR('',#3094,1.);
#388=VECTOR('',#3097,1.);
#389=VECTOR('',#3100,1.);
#390=VECTOR('',#3103,1.);
#391=VECTOR('',#3106,1.);
#392=VECTOR('',#3109,1.);
#393=VECTOR('',#3112,1.);
#394=VECTOR('',#3115,1.);
#395=VECTOR('',#3118,1.);
#396=VECTOR('',#3121,1.);
#397=VECTOR('',#3124,1.);
#398=VECTOR('',#3127,1.);
#399=VECTOR('',#3130,1.);
#400=VECTOR('',#3133,1.);
#401=VECTOR('',#3136,1.);
#402=VECTOR('',#3139,1.);
#403=VECTOR('',#3146,1.);
#404=VECTOR('',#3149,1.);
#405=VECTOR('',#3154,1.);
#406=VECTOR('',#3155,1.);
#407=VECTOR('',#3158,1.);
#408=VECTOR('',#3161,1.);
#409=VECTOR('',#3176,1.);
#410=VECTOR('',#3177,1.);
#411=VECTOR('',#3180,1.);
#412=VECTOR('',#3181,1.);
#413=VECTOR('',#3184,1.);
#414=VECTOR('',#3185,1.);
#415=VECTOR('',#3188,1.);
#416=VECTOR('',#3189,1.);
#417=VECTOR('',#3200,1.);
#418=VECTOR('',#3201,1.);
#419=VECTOR('',#3204,1.);
#420=VECTOR('',#3205,1.);
#421=VECTOR('',#3208,1.);
#422=VECTOR('',#3209,1.);
#423=VECTOR('',#3218,1.);
#424=VECTOR('',#3219,1.);
#425=VECTOR('',#3222,1.);
#426=VECTOR('',#3223,1.);
#427=VECTOR('',#3226,1.);
#428=VECTOR('',#3227,1.);
#429=VECTOR('',#3236,1.);
#430=VECTOR('',#3237,1.);
#431=VECTOR('',#3240,1.);
#432=VECTOR('',#3241,1.);
#433=VECTOR('',#3244,1.);
#434=VECTOR('',#3245,1.);
#435=VECTOR('',#3254,1.);
#436=VECTOR('',#3255,1.);
#437=VECTOR('',#3258,1.);
#438=VECTOR('',#3259,1.);
#439=VECTOR('',#3262,1.);
#440=VECTOR('',#3263,1.);
#441=VECTOR('',#3272,1.);
#442=VECTOR('',#3273,1.);
#443=VECTOR('',#3276,1.);
#444=VECTOR('',#3277,1.);
#445=VECTOR('',#3280,1.);
#446=VECTOR('',#3281,1.);
#447=VECTOR('',#3290,1.);
#448=VECTOR('',#3291,1.);
#449=VECTOR('',#3294,1.);
#450=VECTOR('',#3295,1.);
#451=VECTOR('',#3298,1.);
#452=VECTOR('',#3299,1.);
#453=VECTOR('',#3308,1.);
#454=VECTOR('',#3309,1.);
#455=VECTOR('',#3312,1.);
#456=VECTOR('',#3313,1.);
#457=VECTOR('',#3316,1.);
#458=VECTOR('',#3317,1.);
#459=VECTOR('',#3326,1.);
#460=VECTOR('',#3327,1.);
#461=VECTOR('',#3330,1.);
#462=VECTOR('',#3331,1.);
#463=VECTOR('',#3334,1.);
#464=VECTOR('',#3335,1.);
#465=VECTOR('',#3338,1.);
#466=VECTOR('',#3339,1.);
#467=VECTOR('',#3350,1.);
#468=VECTOR('',#3351,1.);
#469=VECTOR('',#3354,1.);
#470=VECTOR('',#3355,1.);
#471=VECTOR('',#3358,1.);
#472=VECTOR('',#3359,1.);
#473=VECTOR('',#3362,1.);
#474=VECTOR('',#3363,1.);
#475=VECTOR('',#3374,1.);
#476=VECTOR('',#3375,1.);
#477=VECTOR('',#3378,1.);
#478=VECTOR('',#3379,1.);
#479=VECTOR('',#3382,1.);
#480=VECTOR('',#3383,1.);
#481=VECTOR('',#3386,1.);
#482=VECTOR('',#3387,1.);
#483=VECTOR('',#3398,1.);
#484=VECTOR('',#3399,1.);
#485=VECTOR('',#3402,1.);
#486=VECTOR('',#3403,1.);
#487=VECTOR('',#3406,1.);
#488=VECTOR('',#3407,1.);
#489=VECTOR('',#3410,1.);
#490=VECTOR('',#3411,1.);
#491=VECTOR('',#3422,1.);
#492=VECTOR('',#3423,1.);
#493=VECTOR('',#3426,1.);
#494=VECTOR('',#3427,1.);
#495=VECTOR('',#3430,1.);
#496=VECTOR('',#3431,1.);
#497=VECTOR('',#3440,1.);
#498=VECTOR('',#3441,1.);
#499=VECTOR('',#3444,1.);
#500=VECTOR('',#3445,1.);
#501=VECTOR('',#3448,1.);
#502=VECTOR('',#3449,1.);
#503=VECTOR('',#3452,1.);
#504=VECTOR('',#3453,1.);
#505=VECTOR('',#3464,1.);
#506=VECTOR('',#3465,1.);
#507=VECTOR('',#3468,1.);
#508=VECTOR('',#3469,1.);
#509=VECTOR('',#3472,1.);
#510=VECTOR('',#3473,1.);
#511=VECTOR('',#3476,1.);
#512=VECTOR('',#3477,1.);
#513=VECTOR('',#3488,1.);
#514=VECTOR('',#3489,1.);
#515=VECTOR('',#3492,1.);
#516=VECTOR('',#3493,1.);
#517=VECTOR('',#3496,1.);
#518=VECTOR('',#3497,1.);
#519=VECTOR('',#3500,1.);
#520=VECTOR('',#3501,1.);
#521=ORIENTED_EDGE('',*,*,#1237,.F.);
#522=ORIENTED_EDGE('',*,*,#1238,.F.);
#523=ORIENTED_EDGE('',*,*,#1239,.F.);
#524=ORIENTED_EDGE('',*,*,#1240,.T.);
#525=ORIENTED_EDGE('',*,*,#1241,.F.);
#526=ORIENTED_EDGE('',*,*,#1242,.T.);
#527=ORIENTED_EDGE('',*,*,#1243,.F.);
#528=ORIENTED_EDGE('',*,*,#1244,.F.);
#529=ORIENTED_EDGE('',*,*,#1245,.F.);
#530=ORIENTED_EDGE('',*,*,#1246,.F.);
#531=ORIENTED_EDGE('',*,*,#1247,.T.);
#532=ORIENTED_EDGE('',*,*,#1248,.F.);
#533=ORIENTED_EDGE('',*,*,#1249,.T.);
#534=ORIENTED_EDGE('',*,*,#1250,.F.);
#535=ORIENTED_EDGE('',*,*,#1251,.F.);
#536=ORIENTED_EDGE('',*,*,#1252,.F.);
#537=ORIENTED_EDGE('',*,*,#1253,.F.);
#538=ORIENTED_EDGE('',*,*,#1254,.F.);
#539=ORIENTED_EDGE('',*,*,#1255,.F.);
#540=ORIENTED_EDGE('',*,*,#1256,.F.);
#541=ORIENTED_EDGE('',*,*,#1257,.F.);
#542=ORIENTED_EDGE('',*,*,#1258,.T.);
#543=ORIENTED_EDGE('',*,*,#1259,.F.);
#544=ORIENTED_EDGE('',*,*,#1260,.T.);
#545=ORIENTED_EDGE('',*,*,#1261,.F.);
#546=ORIENTED_EDGE('',*,*,#1262,.T.);
#547=ORIENTED_EDGE('',*,*,#1263,.F.);
#548=ORIENTED_EDGE('',*,*,#1264,.F.);
#549=ORIENTED_EDGE('',*,*,#1265,.F.);
#550=ORIENTED_EDGE('',*,*,#1266,.T.);
#551=ORIENTED_EDGE('',*,*,#1267,.F.);
#552=ORIENTED_EDGE('',*,*,#1268,.T.);
#553=ORIENTED_EDGE('',*,*,#1269,.F.);
#554=ORIENTED_EDGE('',*,*,#1270,.T.);
#555=ORIENTED_EDGE('',*,*,#1271,.F.);
#556=ORIENTED_EDGE('',*,*,#1272,.T.);
#557=ORIENTED_EDGE('',*,*,#1273,.F.);
#558=ORIENTED_EDGE('',*,*,#1274,.T.);
#559=ORIENTED_EDGE('',*,*,#1275,.F.);
#560=ORIENTED_EDGE('',*,*,#1276,.F.);
#561=ORIENTED_EDGE('',*,*,#1277,.T.);
#562=ORIENTED_EDGE('',*,*,#1278,.F.);
#563=ORIENTED_EDGE('',*,*,#1279,.T.);
#564=ORIENTED_EDGE('',*,*,#1280,.F.);
#565=ORIENTED_EDGE('',*,*,#1281,.T.);
#566=ORIENTED_EDGE('',*,*,#1282,.F.);
#567=ORIENTED_EDGE('',*,*,#1283,.F.);
#568=ORIENTED_EDGE('',*,*,#1284,.T.);
#569=ORIENTED_EDGE('',*,*,#1285,.F.);
#570=ORIENTED_EDGE('',*,*,#1286,.T.);
#571=ORIENTED_EDGE('',*,*,#1287,.F.);
#572=ORIENTED_EDGE('',*,*,#1288,.F.);
#573=ORIENTED_EDGE('',*,*,#1289,.F.);
#574=ORIENTED_EDGE('',*,*,#1290,.T.);
#575=ORIENTED_EDGE('',*,*,#1291,.F.);
#576=ORIENTED_EDGE('',*,*,#1292,.T.);
#577=ORIENTED_EDGE('',*,*,#1293,.F.);
#578=ORIENTED_EDGE('',*,*,#1294,.F.);
#579=ORIENTED_EDGE('',*,*,#1295,.F.);
#580=ORIENTED_EDGE('',*,*,#1296,.T.);
#581=ORIENTED_EDGE('',*,*,#1297,.F.);
#582=ORIENTED_EDGE('',*,*,#1298,.F.);
#583=ORIENTED_EDGE('',*,*,#1299,.F.);
#584=ORIENTED_EDGE('',*,*,#1300,.T.);
#585=ORIENTED_EDGE('',*,*,#1301,.F.);
#586=ORIENTED_EDGE('',*,*,#1302,.T.);
#587=ORIENTED_EDGE('',*,*,#1303,.F.);
#588=ORIENTED_EDGE('',*,*,#1304,.F.);
#589=ORIENTED_EDGE('',*,*,#1305,.F.);
#590=ORIENTED_EDGE('',*,*,#1306,.F.);
#591=ORIENTED_EDGE('',*,*,#1307,.F.);
#592=ORIENTED_EDGE('',*,*,#1308,.T.);
#593=ORIENTED_EDGE('',*,*,#1309,.F.);
#594=ORIENTED_EDGE('',*,*,#1310,.F.);
#595=ORIENTED_EDGE('',*,*,#1311,.F.);
#596=ORIENTED_EDGE('',*,*,#1312,.T.);
#597=ORIENTED_EDGE('',*,*,#1313,.F.);
#598=ORIENTED_EDGE('',*,*,#1314,.F.);
#599=ORIENTED_EDGE('',*,*,#1315,.F.);
#600=ORIENTED_EDGE('',*,*,#1316,.F.);
#601=ORIENTED_EDGE('',*,*,#1317,.T.);
#602=ORIENTED_EDGE('',*,*,#1318,.F.);
#603=ORIENTED_EDGE('',*,*,#1319,.F.);
#604=ORIENTED_EDGE('',*,*,#1320,.F.);
#605=ORIENTED_EDGE('',*,*,#1321,.T.);
#606=ORIENTED_EDGE('',*,*,#1322,.T.);
#607=ORIENTED_EDGE('',*,*,#1323,.T.);
#608=ORIENTED_EDGE('',*,*,#1324,.T.);
#609=ORIENTED_EDGE('',*,*,#1325,.F.);
#610=ORIENTED_EDGE('',*,*,#1326,.F.);
#611=ORIENTED_EDGE('',*,*,#1327,.F.);
#612=ORIENTED_EDGE('',*,*,#1328,.F.);
#613=ORIENTED_EDGE('',*,*,#1329,.F.);
#614=ORIENTED_EDGE('',*,*,#1330,.F.);
#615=ORIENTED_EDGE('',*,*,#1331,.T.);
#616=ORIENTED_EDGE('',*,*,#1332,.F.);
#617=ORIENTED_EDGE('',*,*,#1333,.T.);
#618=ORIENTED_EDGE('',*,*,#1334,.F.);
#619=ORIENTED_EDGE('',*,*,#1335,.F.);
#620=ORIENTED_EDGE('',*,*,#1336,.F.);
#621=ORIENTED_EDGE('',*,*,#1337,.T.);
#622=ORIENTED_EDGE('',*,*,#1338,.F.);
#623=ORIENTED_EDGE('',*,*,#1339,.T.);
#624=ORIENTED_EDGE('',*,*,#1340,.F.);
#625=ORIENTED_EDGE('',*,*,#1341,.T.);
#626=ORIENTED_EDGE('',*,*,#1342,.F.);
#627=ORIENTED_EDGE('',*,*,#1343,.T.);
#628=ORIENTED_EDGE('',*,*,#1344,.F.);
#629=ORIENTED_EDGE('',*,*,#1345,.T.);
#630=ORIENTED_EDGE('',*,*,#1346,.F.);
#631=ORIENTED_EDGE('',*,*,#1347,.T.);
#632=ORIENTED_EDGE('',*,*,#1348,.F.);
#633=ORIENTED_EDGE('',*,*,#1349,.T.);
#634=ORIENTED_EDGE('',*,*,#1350,.F.);
#635=ORIENTED_EDGE('',*,*,#1351,.T.);
#636=ORIENTED_EDGE('',*,*,#1352,.F.);
#637=ORIENTED_EDGE('',*,*,#1353,.F.);
#638=ORIENTED_EDGE('',*,*,#1354,.F.);
#639=ORIENTED_EDGE('',*,*,#1355,.T.);
#640=ORIENTED_EDGE('',*,*,#1356,.F.);
#641=ORIENTED_EDGE('',*,*,#1357,.F.);
#642=ORIENTED_EDGE('',*,*,#1358,.F.);
#643=ORIENTED_EDGE('',*,*,#1359,.T.);
#644=ORIENTED_EDGE('',*,*,#1360,.T.);
#645=ORIENTED_EDGE('',*,*,#1361,.T.);
#646=ORIENTED_EDGE('',*,*,#1362,.T.);
#647=ORIENTED_EDGE('',*,*,#1363,.T.);
#648=ORIENTED_EDGE('',*,*,#1364,.F.);
#649=ORIENTED_EDGE('',*,*,#1365,.T.);
#650=ORIENTED_EDGE('',*,*,#1366,.T.);
#651=ORIENTED_EDGE('',*,*,#1367,.T.);
#652=ORIENTED_EDGE('',*,*,#1368,.T.);
#653=ORIENTED_EDGE('',*,*,#1369,.T.);
#654=ORIENTED_EDGE('',*,*,#1370,.F.);
#655=ORIENTED_EDGE('',*,*,#1371,.T.);
#656=ORIENTED_EDGE('',*,*,#1372,.F.);
#657=ORIENTED_EDGE('',*,*,#1373,.T.);
#658=ORIENTED_EDGE('',*,*,#1374,.T.);
#659=ORIENTED_EDGE('',*,*,#1375,.T.);
#660=ORIENTED_EDGE('',*,*,#1376,.T.);
#661=ORIENTED_EDGE('',*,*,#1377,.T.);
#662=ORIENTED_EDGE('',*,*,#1378,.F.);
#663=ORIENTED_EDGE('',*,*,#1379,.T.);
#664=ORIENTED_EDGE('',*,*,#1380,.F.);
#665=ORIENTED_EDGE('',*,*,#1381,.T.);
#666=ORIENTED_EDGE('',*,*,#1382,.F.);
#667=ORIENTED_EDGE('',*,*,#1383,.T.);
#668=ORIENTED_EDGE('',*,*,#1384,.T.);
#669=ORIENTED_EDGE('',*,*,#1385,.T.);
#670=ORIENTED_EDGE('',*,*,#1386,.F.);
#671=ORIENTED_EDGE('',*,*,#1387,.T.);
#672=ORIENTED_EDGE('',*,*,#1388,.F.);
#673=ORIENTED_EDGE('',*,*,#1389,.T.);
#674=ORIENTED_EDGE('',*,*,#1390,.F.);
#675=ORIENTED_EDGE('',*,*,#1391,.T.);
#676=ORIENTED_EDGE('',*,*,#1392,.F.);
#677=ORIENTED_EDGE('',*,*,#1393,.T.);
#678=ORIENTED_EDGE('',*,*,#1394,.F.);
#679=ORIENTED_EDGE('',*,*,#1395,.T.);
#680=ORIENTED_EDGE('',*,*,#1396,.T.);
#681=ORIENTED_EDGE('',*,*,#1397,.T.);
#682=ORIENTED_EDGE('',*,*,#1398,.T.);
#683=ORIENTED_EDGE('',*,*,#1399,.T.);
#684=ORIENTED_EDGE('',*,*,#1400,.F.);
#685=ORIENTED_EDGE('',*,*,#1401,.T.);
#686=ORIENTED_EDGE('',*,*,#1402,.T.);
#687=ORIENTED_EDGE('',*,*,#1403,.T.);
#688=ORIENTED_EDGE('',*,*,#1404,.F.);
#689=ORIENTED_EDGE('',*,*,#1405,.T.);
#690=ORIENTED_EDGE('',*,*,#1406,.T.);
#691=ORIENTED_EDGE('',*,*,#1407,.T.);
#692=ORIENTED_EDGE('',*,*,#1408,.T.);
#693=ORIENTED_EDGE('',*,*,#1409,.T.);
#694=ORIENTED_EDGE('',*,*,#1410,.F.);
#695=ORIENTED_EDGE('',*,*,#1411,.T.);
#696=ORIENTED_EDGE('',*,*,#1412,.T.);
#697=ORIENTED_EDGE('',*,*,#1413,.T.);
#698=ORIENTED_EDGE('',*,*,#1414,.T.);
#699=ORIENTED_EDGE('',*,*,#1415,.T.);
#700=ORIENTED_EDGE('',*,*,#1416,.T.);
#701=ORIENTED_EDGE('',*,*,#1417,.T.);
#702=ORIENTED_EDGE('',*,*,#1418,.T.);
#703=ORIENTED_EDGE('',*,*,#1419,.F.);
#704=ORIENTED_EDGE('',*,*,#1420,.F.);
#705=ORIENTED_EDGE('',*,*,#1421,.F.);
#706=ORIENTED_EDGE('',*,*,#1422,.F.);
#707=ORIENTED_EDGE('',*,*,#1423,.F.);
#708=ORIENTED_EDGE('',*,*,#1424,.T.);
#709=ORIENTED_EDGE('',*,*,#1425,.F.);
#710=ORIENTED_EDGE('',*,*,#1426,.T.);
#711=ORIENTED_EDGE('',*,*,#1427,.T.);
#712=ORIENTED_EDGE('',*,*,#1428,.T.);
#713=ORIENTED_EDGE('',*,*,#1429,.F.);
#714=ORIENTED_EDGE('',*,*,#1430,.T.);
#715=ORIENTED_EDGE('',*,*,#1431,.F.);
#716=ORIENTED_EDGE('',*,*,#1432,.T.);
#717=ORIENTED_EDGE('',*,*,#1433,.T.);
#718=ORIENTED_EDGE('',*,*,#1434,.T.);
#719=ORIENTED_EDGE('',*,*,#1435,.F.);
#720=ORIENTED_EDGE('',*,*,#1436,.T.);
#721=ORIENTED_EDGE('',*,*,#1437,.T.);
#722=ORIENTED_EDGE('',*,*,#1438,.T.);
#723=ORIENTED_EDGE('',*,*,#1439,.F.);
#724=ORIENTED_EDGE('',*,*,#1440,.T.);
#725=ORIENTED_EDGE('',*,*,#1441,.F.);
#726=ORIENTED_EDGE('',*,*,#1442,.T.);
#727=ORIENTED_EDGE('',*,*,#1443,.F.);
#728=ORIENTED_EDGE('',*,*,#1444,.T.);
#729=ORIENTED_EDGE('',*,*,#1445,.F.);
#730=ORIENTED_EDGE('',*,*,#1446,.T.);
#731=ORIENTED_EDGE('',*,*,#1447,.F.);
#732=ORIENTED_EDGE('',*,*,#1448,.T.);
#733=ORIENTED_EDGE('',*,*,#1449,.T.);
#734=ORIENTED_EDGE('',*,*,#1450,.T.);
#735=ORIENTED_EDGE('',*,*,#1451,.F.);
#736=ORIENTED_EDGE('',*,*,#1452,.T.);
#737=ORIENTED_EDGE('',*,*,#1453,.F.);
#738=ORIENTED_EDGE('',*,*,#1454,.T.);
#739=ORIENTED_EDGE('',*,*,#1455,.F.);
#740=ORIENTED_EDGE('',*,*,#1456,.T.);
#741=ORIENTED_EDGE('',*,*,#1457,.F.);
#742=ORIENTED_EDGE('',*,*,#1458,.T.);
#743=ORIENTED_EDGE('',*,*,#1459,.T.);
#744=ORIENTED_EDGE('',*,*,#1460,.T.);
#745=ORIENTED_EDGE('',*,*,#1461,.F.);
#746=ORIENTED_EDGE('',*,*,#1462,.T.);
#747=ORIENTED_EDGE('',*,*,#1463,.T.);
#748=ORIENTED_EDGE('',*,*,#1464,.T.);
#749=ORIENTED_EDGE('',*,*,#1465,.F.);
#750=ORIENTED_EDGE('',*,*,#1466,.T.);
#751=ORIENTED_EDGE('',*,*,#1467,.F.);
#752=ORIENTED_EDGE('',*,*,#1468,.T.);
#753=ORIENTED_EDGE('',*,*,#1469,.F.);
#754=ORIENTED_EDGE('',*,*,#1470,.T.);
#755=ORIENTED_EDGE('',*,*,#1471,.F.);
#756=ORIENTED_EDGE('',*,*,#1472,.T.);
#757=ORIENTED_EDGE('',*,*,#1473,.F.);
#758=ORIENTED_EDGE('',*,*,#1474,.T.);
#759=ORIENTED_EDGE('',*,*,#1475,.F.);
#760=ORIENTED_EDGE('',*,*,#1476,.T.);
#761=ORIENTED_EDGE('',*,*,#1477,.T.);
#762=ORIENTED_EDGE('',*,*,#1478,.T.);
#763=ORIENTED_EDGE('',*,*,#1322,.F.);
#764=ORIENTED_EDGE('',*,*,#1479,.T.);
#765=ORIENTED_EDGE('',*,*,#1419,.T.);
#766=ORIENTED_EDGE('',*,*,#1480,.F.);
#767=ORIENTED_EDGE('',*,*,#1323,.F.);
#768=ORIENTED_EDGE('',*,*,#1480,.T.);
#769=ORIENTED_EDGE('',*,*,#1422,.T.);
#770=ORIENTED_EDGE('',*,*,#1481,.F.);
#771=ORIENTED_EDGE('',*,*,#1324,.F.);
#772=ORIENTED_EDGE('',*,*,#1481,.T.);
#773=ORIENTED_EDGE('',*,*,#1421,.T.);
#774=ORIENTED_EDGE('',*,*,#1482,.F.);
#775=ORIENTED_EDGE('',*,*,#1418,.F.);
#776=ORIENTED_EDGE('',*,*,#1329,.T.);
#777=ORIENTED_EDGE('',*,*,#1417,.F.);
#778=ORIENTED_EDGE('',*,*,#1328,.T.);
#779=ORIENTED_EDGE('',*,*,#1416,.F.);
#780=ORIENTED_EDGE('',*,*,#1327,.T.);
#781=ORIENTED_EDGE('',*,*,#1415,.F.);
#782=ORIENTED_EDGE('',*,*,#1326,.T.);
#783=ORIENTED_EDGE('',*,*,#1414,.F.);
#784=ORIENTED_EDGE('',*,*,#1325,.T.);
#785=ORIENTED_EDGE('',*,*,#1321,.F.);
#786=ORIENTED_EDGE('',*,*,#1482,.T.);
#787=ORIENTED_EDGE('',*,*,#1420,.T.);
#788=ORIENTED_EDGE('',*,*,#1479,.F.);
#789=ORIENTED_EDGE('',*,*,#1483,.F.);
#790=ORIENTED_EDGE('',*,*,#1315,.T.);
#791=ORIENTED_EDGE('',*,*,#1484,.F.);
#792=ORIENTED_EDGE('',*,*,#1412,.F.);
#793=ORIENTED_EDGE('',*,*,#1485,.F.);
#794=ORIENTED_EDGE('',*,*,#1313,.T.);
#795=ORIENTED_EDGE('',*,*,#1486,.F.);
#796=ORIENTED_EDGE('',*,*,#1406,.F.);
#797=ORIENTED_EDGE('',*,*,#1487,.F.);
#798=ORIENTED_EDGE('',*,*,#1319,.T.);
#799=ORIENTED_EDGE('',*,*,#1488,.F.);
#800=ORIENTED_EDGE('',*,*,#1408,.F.);
#801=ORIENTED_EDGE('',*,*,#1410,.T.);
#802=ORIENTED_EDGE('',*,*,#1489,.F.);
#803=ORIENTED_EDGE('',*,*,#1317,.F.);
#804=ORIENTED_EDGE('',*,*,#1490,.F.);
#805=ORIENTED_EDGE('',*,*,#1484,.T.);
#806=ORIENTED_EDGE('',*,*,#1314,.T.);
#807=ORIENTED_EDGE('',*,*,#1485,.T.);
#808=ORIENTED_EDGE('',*,*,#1413,.F.);
#809=ORIENTED_EDGE('',*,*,#1486,.T.);
#810=ORIENTED_EDGE('',*,*,#1320,.T.);
#811=ORIENTED_EDGE('',*,*,#1487,.T.);
#812=ORIENTED_EDGE('',*,*,#1407,.F.);
#813=ORIENTED_EDGE('',*,*,#1488,.T.);
#814=ORIENTED_EDGE('',*,*,#1318,.T.);
#815=ORIENTED_EDGE('',*,*,#1489,.T.);
#816=ORIENTED_EDGE('',*,*,#1409,.F.);
#817=ORIENTED_EDGE('',*,*,#1490,.T.);
#818=ORIENTED_EDGE('',*,*,#1316,.T.);
#819=ORIENTED_EDGE('',*,*,#1483,.T.);
#820=ORIENTED_EDGE('',*,*,#1411,.F.);
#821=ORIENTED_EDGE('',*,*,#1404,.T.);
#822=ORIENTED_EDGE('',*,*,#1491,.F.);
#823=ORIENTED_EDGE('',*,*,#1333,.F.);
#824=ORIENTED_EDGE('',*,*,#1492,.F.);
#825=ORIENTED_EDGE('',*,*,#1493,.F.);
#826=ORIENTED_EDGE('',*,*,#1335,.T.);
#827=ORIENTED_EDGE('',*,*,#1494,.F.);
#828=ORIENTED_EDGE('',*,*,#1402,.F.);
#829=ORIENTED_EDGE('',*,*,#1400,.T.);
#830=ORIENTED_EDGE('',*,*,#1495,.F.);
#831=ORIENTED_EDGE('',*,*,#1331,.F.);
#832=ORIENTED_EDGE('',*,*,#1496,.F.);
#833=ORIENTED_EDGE('',*,*,#1492,.T.);
#834=ORIENTED_EDGE('',*,*,#1332,.T.);
#835=ORIENTED_EDGE('',*,*,#1495,.T.);
#836=ORIENTED_EDGE('',*,*,#1405,.F.);
#837=ORIENTED_EDGE('',*,*,#1496,.T.);
#838=ORIENTED_EDGE('',*,*,#1330,.T.);
#839=ORIENTED_EDGE('',*,*,#1493,.T.);
#840=ORIENTED_EDGE('',*,*,#1401,.F.);
#841=ORIENTED_EDGE('',*,*,#1494,.T.);
#842=ORIENTED_EDGE('',*,*,#1334,.T.);
#843=ORIENTED_EDGE('',*,*,#1491,.T.);
#844=ORIENTED_EDGE('',*,*,#1403,.F.);
#845=ORIENTED_EDGE('',*,*,#1425,.T.);
#846=ORIENTED_EDGE('',*,*,#1497,.F.);
#847=ORIENTED_EDGE('',*,*,#1312,.F.);
#848=ORIENTED_EDGE('',*,*,#1498,.F.);
#849=ORIENTED_EDGE('',*,*,#1499,.F.);
#850=ORIENTED_EDGE('',*,*,#1310,.T.);
#851=ORIENTED_EDGE('',*,*,#1500,.F.);
#852=ORIENTED_EDGE('',*,*,#1427,.F.);
#853=ORIENTED_EDGE('',*,*,#1423,.T.);
#854=ORIENTED_EDGE('',*,*,#1501,.F.);
#855=ORIENTED_EDGE('',*,*,#1308,.F.);
#856=ORIENTED_EDGE('',*,*,#1502,.F.);
#857=ORIENTED_EDGE('',*,*,#1502,.T.);
#858=ORIENTED_EDGE('',*,*,#1307,.T.);
#859=ORIENTED_EDGE('',*,*,#1497,.T.);
#860=ORIENTED_EDGE('',*,*,#1424,.F.);
#861=ORIENTED_EDGE('',*,*,#1500,.T.);
#862=ORIENTED_EDGE('',*,*,#1309,.T.);
#863=ORIENTED_EDGE('',*,*,#1501,.T.);
#864=ORIENTED_EDGE('',*,*,#1428,.F.);
#865=ORIENTED_EDGE('',*,*,#1498,.T.);
#866=ORIENTED_EDGE('',*,*,#1311,.T.);
#867=ORIENTED_EDGE('',*,*,#1499,.T.);
#868=ORIENTED_EDGE('',*,*,#1426,.F.);
#869=ORIENTED_EDGE('',*,*,#1503,.F.);
#870=ORIENTED_EDGE('',*,*,#1306,.T.);
#871=ORIENTED_EDGE('',*,*,#1504,.F.);
#872=ORIENTED_EDGE('',*,*,#1396,.F.);
#873=ORIENTED_EDGE('',*,*,#1505,.F.);
#874=ORIENTED_EDGE('',*,*,#1304,.T.);
#875=ORIENTED_EDGE('',*,*,#1506,.F.);
#876=ORIENTED_EDGE('',*,*,#1398,.F.);
#877=ORIENTED_EDGE('',*,*,#1394,.T.);
#878=ORIENTED_EDGE('',*,*,#1507,.F.);
#879=ORIENTED_EDGE('',*,*,#1302,.F.);
#880=ORIENTED_EDGE('',*,*,#1508,.F.);
#881=ORIENTED_EDGE('',*,*,#1508,.T.);
#882=ORIENTED_EDGE('',*,*,#1301,.T.);
#883=ORIENTED_EDGE('',*,*,#1503,.T.);
#884=ORIENTED_EDGE('',*,*,#1395,.F.);
#885=ORIENTED_EDGE('',*,*,#1506,.T.);
#886=ORIENTED_EDGE('',*,*,#1303,.T.);
#887=ORIENTED_EDGE('',*,*,#1507,.T.);
#888=ORIENTED_EDGE('',*,*,#1399,.F.);
#889=ORIENTED_EDGE('',*,*,#1504,.T.);
#890=ORIENTED_EDGE('',*,*,#1305,.T.);
#891=ORIENTED_EDGE('',*,*,#1505,.T.);
#892=ORIENTED_EDGE('',*,*,#1397,.F.);
#893=ORIENTED_EDGE('',*,*,#1431,.T.);
#894=ORIENTED_EDGE('',*,*,#1509,.F.);
#895=ORIENTED_EDGE('',*,*,#1300,.F.);
#896=ORIENTED_EDGE('',*,*,#1510,.F.);
#897=ORIENTED_EDGE('',*,*,#1511,.F.);
#898=ORIENTED_EDGE('',*,*,#1298,.T.);
#899=ORIENTED_EDGE('',*,*,#1512,.F.);
#900=ORIENTED_EDGE('',*,*,#1433,.F.);
#901=ORIENTED_EDGE('',*,*,#1429,.T.);
#902=ORIENTED_EDGE('',*,*,#1513,.F.);
#903=ORIENTED_EDGE('',*,*,#1296,.F.);
#904=ORIENTED_EDGE('',*,*,#1514,.F.);
#905=ORIENTED_EDGE('',*,*,#1514,.T.);
#906=ORIENTED_EDGE('',*,*,#1295,.T.);
#907=ORIENTED_EDGE('',*,*,#1509,.T.);
#908=ORIENTED_EDGE('',*,*,#1430,.F.);
#909=ORIENTED_EDGE('',*,*,#1512,.T.);
#910=ORIENTED_EDGE('',*,*,#1297,.T.);
#911=ORIENTED_EDGE('',*,*,#1513,.T.);
#912=ORIENTED_EDGE('',*,*,#1434,.F.);
#913=ORIENTED_EDGE('',*,*,#1510,.T.);
#914=ORIENTED_EDGE('',*,*,#1299,.T.);
#915=ORIENTED_EDGE('',*,*,#1511,.T.);
#916=ORIENTED_EDGE('',*,*,#1432,.F.);
#917=ORIENTED_EDGE('',*,*,#1388,.T.);
#918=ORIENTED_EDGE('',*,*,#1515,.F.);
#919=ORIENTED_EDGE('',*,*,#1337,.F.);
#920=ORIENTED_EDGE('',*,*,#1516,.F.);
#921=ORIENTED_EDGE('',*,*,#1392,.T.);
#922=ORIENTED_EDGE('',*,*,#1517,.F.);
#923=ORIENTED_EDGE('',*,*,#1339,.F.);
#924=ORIENTED_EDGE('',*,*,#1518,.F.);
#925=ORIENTED_EDGE('',*,*,#1390,.T.);
#926=ORIENTED_EDGE('',*,*,#1519,.F.);
#927=ORIENTED_EDGE('',*,*,#1341,.F.);
#928=ORIENTED_EDGE('',*,*,#1520,.F.);
#929=ORIENTED_EDGE('',*,*,#1518,.T.);
#930=ORIENTED_EDGE('',*,*,#1338,.T.);
#931=ORIENTED_EDGE('',*,*,#1515,.T.);
#932=ORIENTED_EDGE('',*,*,#1393,.F.);
#933=ORIENTED_EDGE('',*,*,#1516,.T.);
#934=ORIENTED_EDGE('',*,*,#1336,.T.);
#935=ORIENTED_EDGE('',*,*,#1519,.T.);
#936=ORIENTED_EDGE('',*,*,#1389,.F.);
#937=ORIENTED_EDGE('',*,*,#1520,.T.);
#938=ORIENTED_EDGE('',*,*,#1340,.T.);
#939=ORIENTED_EDGE('',*,*,#1517,.T.);
#940=ORIENTED_EDGE('',*,*,#1391,.F.);
#941=ORIENTED_EDGE('',*,*,#1435,.T.);
#942=ORIENTED_EDGE('',*,*,#1521,.F.);
#943=ORIENTED_EDGE('',*,*,#1290,.F.);
#944=ORIENTED_EDGE('',*,*,#1522,.F.);
#945=ORIENTED_EDGE('',*,*,#1523,.F.);
#946=ORIENTED_EDGE('',*,*,#1294,.T.);
#947=ORIENTED_EDGE('',*,*,#1524,.F.);
#948=ORIENTED_EDGE('',*,*,#1437,.F.);
#949=ORIENTED_EDGE('',*,*,#1439,.T.);
#950=ORIENTED_EDGE('',*,*,#1525,.F.);
#951=ORIENTED_EDGE('',*,*,#1292,.F.);
#952=ORIENTED_EDGE('',*,*,#1526,.F.);
#953=ORIENTED_EDGE('',*,*,#1522,.T.);
#954=ORIENTED_EDGE('',*,*,#1289,.T.);
#955=ORIENTED_EDGE('',*,*,#1523,.T.);
#956=ORIENTED_EDGE('',*,*,#1436,.F.);
#957=ORIENTED_EDGE('',*,*,#1526,.T.);
#958=ORIENTED_EDGE('',*,*,#1291,.T.);
#959=ORIENTED_EDGE('',*,*,#1521,.T.);
#960=ORIENTED_EDGE('',*,*,#1440,.F.);
#961=ORIENTED_EDGE('',*,*,#1524,.T.);
#962=ORIENTED_EDGE('',*,*,#1293,.T.);
#963=ORIENTED_EDGE('',*,*,#1525,.T.);
#964=ORIENTED_EDGE('',*,*,#1438,.F.);
#965=ORIENTED_EDGE('',*,*,#1382,.T.);
#966=ORIENTED_EDGE('',*,*,#1527,.F.);
#967=ORIENTED_EDGE('',*,*,#1284,.F.);
#968=ORIENTED_EDGE('',*,*,#1528,.F.);
#969=ORIENTED_EDGE('',*,*,#1529,.F.);
#970=ORIENTED_EDGE('',*,*,#1288,.T.);
#971=ORIENTED_EDGE('',*,*,#1530,.F.);
#972=ORIENTED_EDGE('',*,*,#1384,.F.);
#973=ORIENTED_EDGE('',*,*,#1386,.T.);
#974=ORIENTED_EDGE('',*,*,#1531,.F.);
#975=ORIENTED_EDGE('',*,*,#1286,.F.);
#976=ORIENTED_EDGE('',*,*,#1532,.F.);
#977=ORIENTED_EDGE('',*,*,#1528,.T.);
#978=ORIENTED_EDGE('',*,*,#1283,.T.);
#979=ORIENTED_EDGE('',*,*,#1529,.T.);
#980=ORIENTED_EDGE('',*,*,#1383,.F.);
#981=ORIENTED_EDGE('',*,*,#1532,.T.);
#982=ORIENTED_EDGE('',*,*,#1285,.T.);
#983=ORIENTED_EDGE('',*,*,#1527,.T.);
#984=ORIENTED_EDGE('',*,*,#1387,.F.);
#985=ORIENTED_EDGE('',*,*,#1530,.T.);
#986=ORIENTED_EDGE('',*,*,#1287,.T.);
#987=ORIENTED_EDGE('',*,*,#1531,.T.);
#988=ORIENTED_EDGE('',*,*,#1385,.F.);
#989=ORIENTED_EDGE('',*,*,#1447,.T.);
#990=ORIENTED_EDGE('',*,*,#1533,.F.);
#991=ORIENTED_EDGE('',*,*,#1345,.F.);
#992=ORIENTED_EDGE('',*,*,#1534,.F.);
#993=ORIENTED_EDGE('',*,*,#1441,.T.);
#994=ORIENTED_EDGE('',*,*,#1535,.F.);
#995=ORIENTED_EDGE('',*,*,#1343,.F.);
#996=ORIENTED_EDGE('',*,*,#1536,.F.);
#997=ORIENTED_EDGE('',*,*,#1443,.T.);
#998=ORIENTED_EDGE('',*,*,#1537,.F.);
#999=ORIENTED_EDGE('',*,*,#1349,.F.);
#1000=ORIENTED_EDGE('',*,*,#1538,.F.);
#1001=ORIENTED_EDGE('',*,*,#1445,.T.);
#1002=ORIENTED_EDGE('',*,*,#1539,.F.);
#1003=ORIENTED_EDGE('',*,*,#1347,.F.);
#1004=ORIENTED_EDGE('',*,*,#1540,.F.);
#1005=ORIENTED_EDGE('',*,*,#1534,.T.);
#1006=ORIENTED_EDGE('',*,*,#1344,.T.);
#1007=ORIENTED_EDGE('',*,*,#1535,.T.);
#1008=ORIENTED_EDGE('',*,*,#1448,.F.);
#1009=ORIENTED_EDGE('',*,*,#1536,.T.);
#1010=ORIENTED_EDGE('',*,*,#1342,.T.);
#1011=ORIENTED_EDGE('',*,*,#1537,.T.);
#1012=ORIENTED_EDGE('',*,*,#1442,.F.);
#1013=ORIENTED_EDGE('',*,*,#1538,.T.);
#1014=ORIENTED_EDGE('',*,*,#1348,.T.);
#1015=ORIENTED_EDGE('',*,*,#1539,.T.);
#1016=ORIENTED_EDGE('',*,*,#1444,.F.);
#1017=ORIENTED_EDGE('',*,*,#1540,.T.);
#1018=ORIENTED_EDGE('',*,*,#1346,.T.);
#1019=ORIENTED_EDGE('',*,*,#1533,.T.);
#1020=ORIENTED_EDGE('',*,*,#1446,.F.);
#1021=ORIENTED_EDGE('',*,*,#1455,.T.);
#1022=ORIENTED_EDGE('',*,*,#1541,.F.);
#1023=ORIENTED_EDGE('',*,*,#1277,.F.);
#1024=ORIENTED_EDGE('',*,*,#1542,.F.);
#1025=ORIENTED_EDGE('',*,*,#1543,.F.);
#1026=ORIENTED_EDGE('',*,*,#1275,.T.);
#1027=ORIENTED_EDGE('',*,*,#1544,.F.);
#1028=ORIENTED_EDGE('',*,*,#1449,.F.);
#1029=ORIENTED_EDGE('',*,*,#1451,.T.);
#1030=ORIENTED_EDGE('',*,*,#1545,.F.);
#1031=ORIENTED_EDGE('',*,*,#1281,.F.);
#1032=ORIENTED_EDGE('',*,*,#1546,.F.);
#1033=ORIENTED_EDGE('',*,*,#1453,.T.);
#1034=ORIENTED_EDGE('',*,*,#1547,.F.);
#1035=ORIENTED_EDGE('',*,*,#1279,.F.);
#1036=ORIENTED_EDGE('',*,*,#1548,.F.);
#1037=ORIENTED_EDGE('',*,*,#1542,.T.);
#1038=ORIENTED_EDGE('',*,*,#1276,.T.);
#1039=ORIENTED_EDGE('',*,*,#1543,.T.);
#1040=ORIENTED_EDGE('',*,*,#1456,.F.);
#1041=ORIENTED_EDGE('',*,*,#1544,.T.);
#1042=ORIENTED_EDGE('',*,*,#1282,.T.);
#1043=ORIENTED_EDGE('',*,*,#1545,.T.);
#1044=ORIENTED_EDGE('',*,*,#1450,.F.);
#1045=ORIENTED_EDGE('',*,*,#1546,.T.);
#1046=ORIENTED_EDGE('',*,*,#1280,.T.);
#1047=ORIENTED_EDGE('',*,*,#1547,.T.);
#1048=ORIENTED_EDGE('',*,*,#1452,.F.);
#1049=ORIENTED_EDGE('',*,*,#1548,.T.);
#1050=ORIENTED_EDGE('',*,*,#1278,.T.);
#1051=ORIENTED_EDGE('',*,*,#1541,.T.);
#1052=ORIENTED_EDGE('',*,*,#1454,.F.);
#1053=ORIENTED_EDGE('',*,*,#1549,.F.);
#1054=ORIENTED_EDGE('',*,*,#1353,.T.);
#1055=ORIENTED_EDGE('',*,*,#1550,.F.);
#1056=ORIENTED_EDGE('',*,*,#1463,.F.);
#1057=ORIENTED_EDGE('',*,*,#1457,.T.);
#1058=ORIENTED_EDGE('',*,*,#1551,.F.);
#1059=ORIENTED_EDGE('',*,*,#1351,.F.);
#1060=ORIENTED_EDGE('',*,*,#1552,.F.);
#1061=ORIENTED_EDGE('',*,*,#1553,.F.);
#1062=ORIENTED_EDGE('',*,*,#1357,.T.);
#1063=ORIENTED_EDGE('',*,*,#1554,.F.);
#1064=ORIENTED_EDGE('',*,*,#1459,.F.);
#1065=ORIENTED_EDGE('',*,*,#1461,.T.);
#1066=ORIENTED_EDGE('',*,*,#1555,.F.);
#1067=ORIENTED_EDGE('',*,*,#1355,.F.);
#1068=ORIENTED_EDGE('',*,*,#1556,.F.);
#1069=ORIENTED_EDGE('',*,*,#1550,.T.);
#1070=ORIENTED_EDGE('',*,*,#1352,.T.);
#1071=ORIENTED_EDGE('',*,*,#1551,.T.);
#1072=ORIENTED_EDGE('',*,*,#1464,.F.);
#1073=ORIENTED_EDGE('',*,*,#1552,.T.);
#1074=ORIENTED_EDGE('',*,*,#1350,.T.);
#1075=ORIENTED_EDGE('',*,*,#1553,.T.);
#1076=ORIENTED_EDGE('',*,*,#1458,.F.);
#1077=ORIENTED_EDGE('',*,*,#1554,.T.);
#1078=ORIENTED_EDGE('',*,*,#1356,.T.);
#1079=ORIENTED_EDGE('',*,*,#1555,.T.);
#1080=ORIENTED_EDGE('',*,*,#1460,.F.);
#1081=ORIENTED_EDGE('',*,*,#1556,.T.);
#1082=ORIENTED_EDGE('',*,*,#1354,.T.);
#1083=ORIENTED_EDGE('',*,*,#1549,.T.);
#1084=ORIENTED_EDGE('',*,*,#1462,.F.);
#1085=ORIENTED_EDGE('',*,*,#1469,.T.);
#1086=ORIENTED_EDGE('',*,*,#1557,.F.);
#1087=ORIENTED_EDGE('',*,*,#1274,.F.);
#1088=ORIENTED_EDGE('',*,*,#1558,.F.);
#1089=ORIENTED_EDGE('',*,*,#1471,.T.);
#1090=ORIENTED_EDGE('',*,*,#1559,.F.);
#1091=ORIENTED_EDGE('',*,*,#1272,.F.);
#1092=ORIENTED_EDGE('',*,*,#1560,.F.);
#1093=ORIENTED_EDGE('',*,*,#1465,.T.);
#1094=ORIENTED_EDGE('',*,*,#1561,.F.);
#1095=ORIENTED_EDGE('',*,*,#1270,.F.);
#1096=ORIENTED_EDGE('',*,*,#1562,.F.);
#1097=ORIENTED_EDGE('',*,*,#1467,.T.);
#1098=ORIENTED_EDGE('',*,*,#1563,.F.);
#1099=ORIENTED_EDGE('',*,*,#1268,.F.);
#1100=ORIENTED_EDGE('',*,*,#1564,.F.);
#1101=ORIENTED_EDGE('',*,*,#1564,.T.);
#1102=ORIENTED_EDGE('',*,*,#1267,.T.);
#1103=ORIENTED_EDGE('',*,*,#1557,.T.);
#1104=ORIENTED_EDGE('',*,*,#1468,.F.);
#1105=ORIENTED_EDGE('',*,*,#1560,.T.);
#1106=ORIENTED_EDGE('',*,*,#1271,.T.);
#1107=ORIENTED_EDGE('',*,*,#1561,.T.);
#1108=ORIENTED_EDGE('',*,*,#1472,.F.);
#1109=ORIENTED_EDGE('',*,*,#1562,.T.);
#1110=ORIENTED_EDGE('',*,*,#1269,.T.);
#1111=ORIENTED_EDGE('',*,*,#1563,.T.);
#1112=ORIENTED_EDGE('',*,*,#1466,.F.);
#1113=ORIENTED_EDGE('',*,*,#1558,.T.);
#1114=ORIENTED_EDGE('',*,*,#1273,.T.);
#1115=ORIENTED_EDGE('',*,*,#1559,.T.);
#1116=ORIENTED_EDGE('',*,*,#1470,.F.);
#1117=ORIENTED_EDGE('',*,*,#1475,.T.);
#1118=ORIENTED_EDGE('',*,*,#1565,.F.);
#1119=ORIENTED_EDGE('',*,*,#1266,.F.);
#1120=ORIENTED_EDGE('',*,*,#1566,.F.);
#1121=ORIENTED_EDGE('',*,*,#1567,.F.);
#1122=ORIENTED_EDGE('',*,*,#1264,.T.);
#1123=ORIENTED_EDGE('',*,*,#1568,.F.);
#1124=ORIENTED_EDGE('',*,*,#1477,.F.);
#1125=ORIENTED_EDGE('',*,*,#1473,.T.);
#1126=ORIENTED_EDGE('',*,*,#1569,.F.);
#1127=ORIENTED_EDGE('',*,*,#1262,.F.);
#1128=ORIENTED_EDGE('',*,*,#1570,.F.);
#1129=ORIENTED_EDGE('',*,*,#1570,.T.);
#1130=ORIENTED_EDGE('',*,*,#1261,.T.);
#1131=ORIENTED_EDGE('',*,*,#1565,.T.);
#1132=ORIENTED_EDGE('',*,*,#1474,.F.);
#1133=ORIENTED_EDGE('',*,*,#1568,.T.);
#1134=ORIENTED_EDGE('',*,*,#1263,.T.);
#1135=ORIENTED_EDGE('',*,*,#1569,.T.);
#1136=ORIENTED_EDGE('',*,*,#1478,.F.);
#1137=ORIENTED_EDGE('',*,*,#1566,.T.);
#1138=ORIENTED_EDGE('',*,*,#1265,.T.);
#1139=ORIENTED_EDGE('',*,*,#1567,.T.);
#1140=ORIENTED_EDGE('',*,*,#1476,.F.);
#1141=ORIENTED_EDGE('',*,*,#1378,.T.);
#1142=ORIENTED_EDGE('',*,*,#1571,.F.);
#1143=ORIENTED_EDGE('',*,*,#1260,.F.);
#1144=ORIENTED_EDGE('',*,*,#1572,.F.);
#1145=ORIENTED_EDGE('',*,*,#1380,.T.);
#1146=ORIENTED_EDGE('',*,*,#1573,.F.);
#1147=ORIENTED_EDGE('',*,*,#1258,.F.);
#1148=ORIENTED_EDGE('',*,*,#1574,.F.);
#1149=ORIENTED_EDGE('',*,*,#1575,.F.);
#1150=ORIENTED_EDGE('',*,*,#1256,.T.);
#1151=ORIENTED_EDGE('',*,*,#1576,.F.);
#1152=ORIENTED_EDGE('',*,*,#1374,.F.);
#1153=ORIENTED_EDGE('',*,*,#1577,.F.);
#1154=ORIENTED_EDGE('',*,*,#1254,.T.);
#1155=ORIENTED_EDGE('',*,*,#1578,.F.);
#1156=ORIENTED_EDGE('',*,*,#1376,.F.);
#1157=ORIENTED_EDGE('',*,*,#1578,.T.);
#1158=ORIENTED_EDGE('',*,*,#1253,.T.);
#1159=ORIENTED_EDGE('',*,*,#1571,.T.);
#1160=ORIENTED_EDGE('',*,*,#1377,.F.);
#1161=ORIENTED_EDGE('',*,*,#1574,.T.);
#1162=ORIENTED_EDGE('',*,*,#1257,.T.);
#1163=ORIENTED_EDGE('',*,*,#1575,.T.);
#1164=ORIENTED_EDGE('',*,*,#1381,.F.);
#1165=ORIENTED_EDGE('',*,*,#1576,.T.);
#1166=ORIENTED_EDGE('',*,*,#1255,.T.);
#1167=ORIENTED_EDGE('',*,*,#1577,.T.);
#1168=ORIENTED_EDGE('',*,*,#1375,.F.);
#1169=ORIENTED_EDGE('',*,*,#1572,.T.);
#1170=ORIENTED_EDGE('',*,*,#1259,.T.);
#1171=ORIENTED_EDGE('',*,*,#1573,.T.);
#1172=ORIENTED_EDGE('',*,*,#1379,.F.);
#1173=ORIENTED_EDGE('',*,*,#1372,.T.);
#1174=ORIENTED_EDGE('',*,*,#1579,.F.);
#1175=ORIENTED_EDGE('',*,*,#1247,.F.);
#1176=ORIENTED_EDGE('',*,*,#1580,.F.);
#1177=ORIENTED_EDGE('',*,*,#1581,.F.);
#1178=ORIENTED_EDGE('',*,*,#1245,.T.);
#1179=ORIENTED_EDGE('',*,*,#1582,.F.);
#1180=ORIENTED_EDGE('',*,*,#1366,.F.);
#1181=ORIENTED_EDGE('',*,*,#1583,.F.);
#1182=ORIENTED_EDGE('',*,*,#1251,.T.);
#1183=ORIENTED_EDGE('',*,*,#1584,.F.);
#1184=ORIENTED_EDGE('',*,*,#1368,.F.);
#1185=ORIENTED_EDGE('',*,*,#1370,.T.);
#1186=ORIENTED_EDGE('',*,*,#1585,.F.);
#1187=ORIENTED_EDGE('',*,*,#1249,.F.);
#1188=ORIENTED_EDGE('',*,*,#1586,.F.);
#1189=ORIENTED_EDGE('',*,*,#1580,.T.);
#1190=ORIENTED_EDGE('',*,*,#1246,.T.);
#1191=ORIENTED_EDGE('',*,*,#1581,.T.);
#1192=ORIENTED_EDGE('',*,*,#1373,.F.);
#1193=ORIENTED_EDGE('',*,*,#1582,.T.);
#1194=ORIENTED_EDGE('',*,*,#1252,.T.);
#1195=ORIENTED_EDGE('',*,*,#1583,.T.);
#1196=ORIENTED_EDGE('',*,*,#1367,.F.);
#1197=ORIENTED_EDGE('',*,*,#1584,.T.);
#1198=ORIENTED_EDGE('',*,*,#1250,.T.);
#1199=ORIENTED_EDGE('',*,*,#1585,.T.);
#1200=ORIENTED_EDGE('',*,*,#1369,.F.);
#1201=ORIENTED_EDGE('',*,*,#1586,.T.);
#1202=ORIENTED_EDGE('',*,*,#1248,.T.);
#1203=ORIENTED_EDGE('',*,*,#1579,.T.);
#1204=ORIENTED_EDGE('',*,*,#1371,.F.);
#1205=ORIENTED_EDGE('',*,*,#1587,.F.);
#1206=ORIENTED_EDGE('',*,*,#1238,.T.);
#1207=ORIENTED_EDGE('',*,*,#1588,.F.);
#1208=ORIENTED_EDGE('',*,*,#1360,.F.);
#1209=ORIENTED_EDGE('',*,*,#1589,.F.);
#1210=ORIENTED_EDGE('',*,*,#1244,.T.);
#1211=ORIENTED_EDGE('',*,*,#1590,.F.);
#1212=ORIENTED_EDGE('',*,*,#1362,.F.);
#1213=ORIENTED_EDGE('',*,*,#1364,.T.);
#1214=ORIENTED_EDGE('',*,*,#1591,.F.);
#1215=ORIENTED_EDGE('',*,*,#1242,.F.);
#1216=ORIENTED_EDGE('',*,*,#1592,.F.);
#1217=ORIENTED_EDGE('',*,*,#1358,.T.);
#1218=ORIENTED_EDGE('',*,*,#1593,.F.);
#1219=ORIENTED_EDGE('',*,*,#1240,.F.);
#1220=ORIENTED_EDGE('',*,*,#1594,.F.);
#1221=ORIENTED_EDGE('',*,*,#1594,.T.);
#1222=ORIENTED_EDGE('',*,*,#1239,.T.);
#1223=ORIENTED_EDGE('',*,*,#1587,.T.);
#1224=ORIENTED_EDGE('',*,*,#1359,.F.);
#1225=ORIENTED_EDGE('',*,*,#1588,.T.);
#1226=ORIENTED_EDGE('',*,*,#1237,.T.);
#1227=ORIENTED_EDGE('',*,*,#1589,.T.);
#1228=ORIENTED_EDGE('',*,*,#1361,.F.);
#1229=ORIENTED_EDGE('',*,*,#1592,.T.);
#1230=ORIENTED_EDGE('',*,*,#1241,.T.);
#1231=ORIENTED_EDGE('',*,*,#1593,.T.);
#1232=ORIENTED_EDGE('',*,*,#1365,.F.);
#1233=ORIENTED_EDGE('',*,*,#1590,.T.);
#1234=ORIENTED_EDGE('',*,*,#1243,.T.);
#1235=ORIENTED_EDGE('',*,*,#1591,.T.);
#1236=ORIENTED_EDGE('',*,*,#1363,.F.);
#1237=EDGE_CURVE('',#1595,#1596,#1837,.T.);
#1238=EDGE_CURVE('',#1597,#1595,#81,.T.);
#1239=EDGE_CURVE('',#1598,#1597,#1838,.T.);
#1240=EDGE_CURVE('',#1598,#1599,#82,.T.);
#1241=EDGE_CURVE('',#1600,#1599,#1839,.T.);
#1242=EDGE_CURVE('',#1600,#1601,#83,.T.);
#1243=EDGE_CURVE('',#1602,#1601,#1840,.T.);
#1244=EDGE_CURVE('',#1596,#1602,#84,.T.);
#1245=EDGE_CURVE('',#1603,#1604,#85,.T.);
#1246=EDGE_CURVE('',#1605,#1603,#1841,.T.);
#1247=EDGE_CURVE('',#1605,#1606,#86,.T.);
#1248=EDGE_CURVE('',#1607,#1606,#1842,.T.);
#1249=EDGE_CURVE('',#1607,#1608,#87,.T.);
#1250=EDGE_CURVE('',#1609,#1608,#1843,.T.);
#1251=EDGE_CURVE('',#1610,#1609,#88,.T.);
#1252=EDGE_CURVE('',#1604,#1610,#1844,.T.);
#1253=EDGE_CURVE('',#1611,#1612,#1845,.T.);
#1254=EDGE_CURVE('',#1613,#1611,#89,.T.);
#1255=EDGE_CURVE('',#1614,#1613,#1846,.T.);
#1256=EDGE_CURVE('',#1615,#1614,#90,.T.);
#1257=EDGE_CURVE('',#1616,#1615,#1847,.T.);
#1258=EDGE_CURVE('',#1616,#1617,#91,.T.);
#1259=EDGE_CURVE('',#1618,#1617,#1848,.T.);
#1260=EDGE_CURVE('',#1618,#1612,#92,.T.);
#1261=EDGE_CURVE('',#1619,#1620,#1849,.T.);
#1262=EDGE_CURVE('',#1619,#1621,#1850,.T.);
#1263=EDGE_CURVE('',#1622,#1621,#1851,.T.);
#1264=EDGE_CURVE('',#1623,#1622,#93,.T.);
#1265=EDGE_CURVE('',#1624,#1623,#1852,.T.);
#1266=EDGE_CURVE('',#1624,#1620,#94,.T.);
#1267=EDGE_CURVE('',#1625,#1626,#1853,.T.);
#1268=EDGE_CURVE('',#1625,#1627,#95,.T.);
#1269=EDGE_CURVE('',#1628,#1627,#1854,.T.);
#1270=EDGE_CURVE('',#1628,#1629,#96,.T.);
#1271=EDGE_CURVE('',#1630,#1629,#1855,.T.);
#1272=EDGE_CURVE('',#1630,#1631,#97,.T.);
#1273=EDGE_CURVE('',#1632,#1631,#1856,.T.);
#1274=EDGE_CURVE('',#1632,#1626,#98,.T.);
#1275=EDGE_CURVE('',#1633,#1634,#99,.T.);
#1276=EDGE_CURVE('',#1635,#1633,#1857,.T.);
#1277=EDGE_CURVE('',#1635,#1636,#100,.T.);
#1278=EDGE_CURVE('',#1637,#1636,#1858,.T.);
#1279=EDGE_CURVE('',#1637,#1638,#101,.T.);
#1280=EDGE_CURVE('',#1639,#1638,#1859,.T.);
#1281=EDGE_CURVE('',#1639,#1640,#102,.T.);
#1282=EDGE_CURVE('',#1634,#1640,#1860,.T.);
#1283=EDGE_CURVE('',#1641,#1642,#1861,.T.);
#1284=EDGE_CURVE('',#1641,#1643,#1862,.T.);
#1285=EDGE_CURVE('',#1644,#1643,#1863,.T.);
#1286=EDGE_CURVE('',#1644,#1645,#103,.T.);
#1287=EDGE_CURVE('',#1646,#1645,#1864,.T.);
#1288=EDGE_CURVE('',#1642,#1646,#104,.T.);
#1289=EDGE_CURVE('',#1647,#1648,#1865,.T.);
#1290=EDGE_CURVE('',#1647,#1649,#1866,.T.);
#1291=EDGE_CURVE('',#1650,#1649,#1867,.T.);
#1292=EDGE_CURVE('',#1650,#1651,#105,.T.);
#1293=EDGE_CURVE('',#1652,#1651,#1868,.T.);
#1294=EDGE_CURVE('',#1648,#1652,#106,.T.);
#1295=EDGE_CURVE('',#1653,#1654,#1869,.T.);
#1296=EDGE_CURVE('',#1653,#1655,#1870,.T.);
#1297=EDGE_CURVE('',#1656,#1655,#1871,.T.);
#1298=EDGE_CURVE('',#1657,#1656,#107,.T.);
#1299=EDGE_CURVE('',#1658,#1657,#1872,.T.);
#1300=EDGE_CURVE('',#1658,#1654,#108,.T.);
#1301=EDGE_CURVE('',#1659,#1660,#1873,.T.);
#1302=EDGE_CURVE('',#1659,#1661,#1874,.T.);
#1303=EDGE_CURVE('',#1662,#1661,#1875,.T.);
#1304=EDGE_CURVE('',#1663,#1662,#109,.T.);
#1305=EDGE_CURVE('',#1664,#1663,#1876,.T.);
#1306=EDGE_CURVE('',#1660,#1664,#110,.T.);
#1307=EDGE_CURVE('',#1665,#1666,#1877,.T.);
#1308=EDGE_CURVE('',#1665,#1667,#1878,.T.);
#1309=EDGE_CURVE('',#1668,#1667,#1879,.T.);
#1310=EDGE_CURVE('',#1669,#1668,#111,.T.);
#1311=EDGE_CURVE('',#1670,#1669,#1880,.T.);
#1312=EDGE_CURVE('',#1670,#1666,#112,.T.);
#1313=EDGE_CURVE('',#1671,#1672,#113,.T.);
#1314=EDGE_CURVE('',#1673,#1671,#1881,.T.);
#1315=EDGE_CURVE('',#1674,#1673,#114,.T.);
#1316=EDGE_CURVE('',#1675,#1674,#1882,.T.);
#1317=EDGE_CURVE('',#1675,#1676,#115,.T.);
#1318=EDGE_CURVE('',#1677,#1676,#1883,.T.);
#1319=EDGE_CURVE('',#1678,#1677,#116,.T.);
#1320=EDGE_CURVE('',#1672,#1678,#1884,.T.);
#1321=EDGE_CURVE('',#1679,#1680,#117,.T.);
#1322=EDGE_CURVE('',#1680,#1681,#118,.T.);
#1323=EDGE_CURVE('',#1681,#1682,#119,.T.);
#1324=EDGE_CURVE('',#1682,#1679,#120,.T.);
#1325=EDGE_CURVE('',#1683,#1683,#1885,.T.);
#1326=EDGE_CURVE('',#1684,#1684,#1886,.T.);
#1327=EDGE_CURVE('',#1685,#1685,#1887,.T.);
#1328=EDGE_CURVE('',#1686,#1686,#1888,.T.);
#1329=EDGE_CURVE('',#1687,#1687,#1889,.T.);
#1330=EDGE_CURVE('',#1688,#1689,#1890,.T.);
#1331=EDGE_CURVE('',#1688,#1690,#1891,.T.);
#1332=EDGE_CURVE('',#1691,#1690,#1892,.T.);
#1333=EDGE_CURVE('',#1691,#1692,#121,.T.);
#1334=EDGE_CURVE('',#1693,#1692,#1893,.T.);
#1335=EDGE_CURVE('',#1689,#1693,#122,.T.);
#1336=EDGE_CURVE('',#1694,#1695,#1894,.T.);
#1337=EDGE_CURVE('',#1694,#1696,#1895,.T.);
#1338=EDGE_CURVE('',#1697,#1696,#1896,.T.);
#1339=EDGE_CURVE('',#1697,#1698,#123,.T.);
#1340=EDGE_CURVE('',#1699,#1698,#1897,.T.);
#1341=EDGE_CURVE('',#1699,#1695,#124,.T.);
#1342=EDGE_CURVE('',#1700,#1701,#1898,.T.);
#1343=EDGE_CURVE('',#1700,#1702,#125,.T.);
#1344=EDGE_CURVE('',#1703,#1702,#1899,.T.);
#1345=EDGE_CURVE('',#1703,#1704,#126,.T.);
#1346=EDGE_CURVE('',#1705,#1704,#1900,.T.);
#1347=EDGE_CURVE('',#1705,#1706,#127,.T.);
#1348=EDGE_CURVE('',#1707,#1706,#1901,.T.);
#1349=EDGE_CURVE('',#1707,#1701,#128,.T.);
#1350=EDGE_CURVE('',#1708,#1709,#1902,.T.);
#1351=EDGE_CURVE('',#1708,#1710,#129,.T.);
#1352=EDGE_CURVE('',#1711,#1710,#1903,.T.);
#1353=EDGE_CURVE('',#1712,#1711,#130,.T.);
#1354=EDGE_CURVE('',#1713,#1712,#1904,.T.);
#1355=EDGE_CURVE('',#1713,#1714,#131,.T.);
#1356=EDGE_CURVE('',#1715,#1714,#1905,.T.);
#1357=EDGE_CURVE('',#1709,#1715,#132,.T.);
#1358=EDGE_CURVE('',#1716,#1717,#133,.T.);
#1359=EDGE_CURVE('',#1716,#1718,#1906,.T.);
#1360=EDGE_CURVE('',#1718,#1719,#134,.T.);
#1361=EDGE_CURVE('',#1719,#1720,#1907,.T.);
#1362=EDGE_CURVE('',#1720,#1721,#135,.T.);
#1363=EDGE_CURVE('',#1721,#1722,#1908,.T.);
#1364=EDGE_CURVE('',#1723,#1722,#136,.T.);
#1365=EDGE_CURVE('',#1723,#1717,#1909,.T.);
#1366=EDGE_CURVE('',#1724,#1725,#137,.T.);
#1367=EDGE_CURVE('',#1725,#1726,#1910,.T.);
#1368=EDGE_CURVE('',#1726,#1727,#138,.T.);
#1369=EDGE_CURVE('',#1727,#1728,#1911,.T.);
#1370=EDGE_CURVE('',#1729,#1728,#139,.T.);
#1371=EDGE_CURVE('',#1729,#1730,#1912,.T.);
#1372=EDGE_CURVE('',#1731,#1730,#140,.T.);
#1373=EDGE_CURVE('',#1731,#1724,#1913,.T.);
#1374=EDGE_CURVE('',#1732,#1733,#141,.T.);
#1375=EDGE_CURVE('',#1733,#1734,#1914,.T.);
#1376=EDGE_CURVE('',#1734,#1735,#142,.T.);
#1377=EDGE_CURVE('',#1735,#1736,#1915,.T.);
#1378=EDGE_CURVE('',#1737,#1736,#143,.T.);
#1379=EDGE_CURVE('',#1737,#1738,#1916,.T.);
#1380=EDGE_CURVE('',#1739,#1738,#144,.T.);
#1381=EDGE_CURVE('',#1739,#1732,#1917,.T.);
#1382=EDGE_CURVE('',#1740,#1741,#1918,.T.);
#1383=EDGE_CURVE('',#1740,#1742,#1919,.T.);
#1384=EDGE_CURVE('',#1742,#1743,#145,.T.);
#1385=EDGE_CURVE('',#1743,#1744,#1920,.T.);
#1386=EDGE_CURVE('',#1745,#1744,#146,.T.);
#1387=EDGE_CURVE('',#1745,#1741,#1921,.T.);
#1388=EDGE_CURVE('',#1746,#1747,#1922,.T.);
#1389=EDGE_CURVE('',#1746,#1748,#1923,.T.);
#1390=EDGE_CURVE('',#1749,#1748,#147,.T.);
#1391=EDGE_CURVE('',#1749,#1750,#1924,.T.);
#1392=EDGE_CURVE('',#1751,#1750,#148,.T.);
#1393=EDGE_CURVE('',#1751,#1747,#1925,.T.);
#1394=EDGE_CURVE('',#1752,#1753,#1926,.T.);
#1395=EDGE_CURVE('',#1752,#1754,#1927,.T.);
#1396=EDGE_CURVE('',#1754,#1755,#149,.T.);
#1397=EDGE_CURVE('',#1755,#1756,#1928,.T.);
#1398=EDGE_CURVE('',#1756,#1757,#150,.T.);
#1399=EDGE_CURVE('',#1757,#1753,#1929,.T.);
#1400=EDGE_CURVE('',#1758,#1759,#1930,.T.);
#1401=EDGE_CURVE('',#1758,#1760,#1931,.T.);
#1402=EDGE_CURVE('',#1760,#1761,#151,.T.);
#1403=EDGE_CURVE('',#1761,#1762,#1932,.T.);
#1404=EDGE_CURVE('',#1763,#1762,#152,.T.);
#1405=EDGE_CURVE('',#1763,#1759,#1933,.T.);
#1406=EDGE_CURVE('',#1764,#1765,#153,.T.);
#1407=EDGE_CURVE('',#1765,#1766,#1934,.T.);
#1408=EDGE_CURVE('',#1766,#1767,#154,.T.);
#1409=EDGE_CURVE('',#1767,#1768,#1935,.T.);
#1410=EDGE_CURVE('',#1769,#1768,#155,.T.);
#1411=EDGE_CURVE('',#1769,#1770,#1936,.T.);
#1412=EDGE_CURVE('',#1770,#1771,#156,.T.);
#1413=EDGE_CURVE('',#1771,#1764,#1937,.T.);
#1414=EDGE_CURVE('',#1772,#1772,#1938,.T.);
#1415=EDGE_CURVE('',#1773,#1773,#1939,.T.);
#1416=EDGE_CURVE('',#1774,#1774,#1940,.T.);
#1417=EDGE_CURVE('',#1775,#1775,#1941,.T.);
#1418=EDGE_CURVE('',#1776,#1776,#1942,.T.);
#1419=EDGE_CURVE('',#1777,#1778,#157,.T.);
#1420=EDGE_CURVE('',#1779,#1777,#158,.T.);
#1421=EDGE_CURVE('',#1780,#1779,#159,.T.);
#1422=EDGE_CURVE('',#1778,#1780,#160,.T.);
#1423=EDGE_CURVE('',#1781,#1782,#1943,.T.);
#1424=EDGE_CURVE('',#1781,#1783,#1944,.T.);
#1425=EDGE_CURVE('',#1784,#1783,#161,.T.);
#1426=EDGE_CURVE('',#1784,#1785,#1945,.T.);
#1427=EDGE_CURVE('',#1785,#1786,#162,.T.);
#1428=EDGE_CURVE('',#1786,#1782,#1946,.T.);
#1429=EDGE_CURVE('',#1787,#1788,#1947,.T.);
#1430=EDGE_CURVE('',#1787,#1789,#1948,.T.);
#1431=EDGE_CURVE('',#1790,#1789,#163,.T.);
#1432=EDGE_CURVE('',#1790,#1791,#1949,.T.);
#1433=EDGE_CURVE('',#1791,#1792,#164,.T.);
#1434=EDGE_CURVE('',#1792,#1788,#1950,.T.);
#1435=EDGE_CURVE('',#1793,#1794,#1951,.T.);
#1436=EDGE_CURVE('',#1793,#1795,#1952,.T.);
#1437=EDGE_CURVE('',#1795,#1796,#165,.T.);
#1438=EDGE_CURVE('',#1796,#1797,#1953,.T.);
#1439=EDGE_CURVE('',#1798,#1797,#166,.T.);
#1440=EDGE_CURVE('',#1798,#1794,#1954,.T.);
#1441=EDGE_CURVE('',#1799,#1800,#167,.T.);
#1442=EDGE_CURVE('',#1799,#1801,#1955,.T.);
#1443=EDGE_CURVE('',#1802,#1801,#168,.T.);
#1444=EDGE_CURVE('',#1802,#1803,#1956,.T.);
#1445=EDGE_CURVE('',#1804,#1803,#169,.T.);
#1446=EDGE_CURVE('',#1804,#1805,#1957,.T.);
#1447=EDGE_CURVE('',#1806,#1805,#170,.T.);
#1448=EDGE_CURVE('',#1806,#1800,#1958,.T.);
#1449=EDGE_CURVE('',#1807,#1808,#171,.T.);
#1450=EDGE_CURVE('',#1808,#1809,#1959,.T.);
#1451=EDGE_CURVE('',#1810,#1809,#172,.T.);
#1452=EDGE_CURVE('',#1810,#1811,#1960,.T.);
#1453=EDGE_CURVE('',#1812,#1811,#173,.T.);
#1454=EDGE_CURVE('',#1812,#1813,#1961,.T.);
#1455=EDGE_CURVE('',#1814,#1813,#174,.T.);
#1456=EDGE_CURVE('',#1814,#1807,#1962,.T.);
#1457=EDGE_CURVE('',#1815,#1816,#175,.T.);
#1458=EDGE_CURVE('',#1815,#1817,#1963,.T.);
#1459=EDGE_CURVE('',#1817,#1818,#176,.T.);
#1460=EDGE_CURVE('',#1818,#1819,#1964,.T.);
#1461=EDGE_CURVE('',#1820,#1819,#177,.T.);
#1462=EDGE_CURVE('',#1820,#1821,#1965,.T.);
#1463=EDGE_CURVE('',#1821,#1822,#178,.T.);
#1464=EDGE_CURVE('',#1822,#1816,#1966,.T.);
#1465=EDGE_CURVE('',#1823,#1824,#179,.T.);
#1466=EDGE_CURVE('',#1823,#1825,#1967,.T.);
#1467=EDGE_CURVE('',#1826,#1825,#180,.T.);
#1468=EDGE_CURVE('',#1826,#1827,#1968,.T.);
#1469=EDGE_CURVE('',#1828,#1827,#181,.T.);
#1470=EDGE_CURVE('',#1828,#1829,#1969,.T.);
#1471=EDGE_CURVE('',#1830,#1829,#182,.T.);
#1472=EDGE_CURVE('',#1830,#1824,#1970,.T.);
#1473=EDGE_CURVE('',#1831,#1832,#1971,.T.);
#1474=EDGE_CURVE('',#1831,#1833,#1972,.T.);
#1475=EDGE_CURVE('',#1834,#1833,#183,.T.);
#1476=EDGE_CURVE('',#1834,#1835,#1973,.T.);
#1477=EDGE_CURVE('',#1835,#1836,#184,.T.);
#1478=EDGE_CURVE('',#1836,#1832,#1974,.T.);
#1479=EDGE_CURVE('',#1680,#1777,#185,.T.);
#1480=EDGE_CURVE('',#1681,#1778,#186,.T.);
#1481=EDGE_CURVE('',#1682,#1780,#187,.T.);
#1482=EDGE_CURVE('',#1679,#1779,#188,.T.);
#1483=EDGE_CURVE('',#1674,#1770,#189,.T.);
#1484=EDGE_CURVE('',#1771,#1673,#190,.F.);
#1485=EDGE_CURVE('',#1671,#1764,#191,.T.);
#1486=EDGE_CURVE('',#1765,#1672,#192,.F.);
#1487=EDGE_CURVE('',#1678,#1766,#193,.T.);
#1488=EDGE_CURVE('',#1767,#1677,#194,.F.);
#1489=EDGE_CURVE('',#1676,#1768,#195,.T.);
#1490=EDGE_CURVE('',#1769,#1675,#196,.F.);
#1491=EDGE_CURVE('',#1692,#1762,#197,.T.);
#1492=EDGE_CURVE('',#1763,#1691,#198,.T.);
#1493=EDGE_CURVE('',#1689,#1760,#199,.T.);
#1494=EDGE_CURVE('',#1761,#1693,#200,.F.);
#1495=EDGE_CURVE('',#1690,#1759,#201,.F.);
#1496=EDGE_CURVE('',#1758,#1688,#202,.T.);
#1497=EDGE_CURVE('',#1666,#1783,#203,.F.);
#1498=EDGE_CURVE('',#1784,#1670,#204,.F.);
#1499=EDGE_CURVE('',#1669,#1785,#205,.T.);
#1500=EDGE_CURVE('',#1786,#1668,#206,.F.);
#1501=EDGE_CURVE('',#1667,#1782,#207,.F.);
#1502=EDGE_CURVE('',#1781,#1665,#208,.T.);
#1503=EDGE_CURVE('',#1660,#1754,#209,.T.);
#1504=EDGE_CURVE('',#1755,#1664,#210,.F.);
#1505=EDGE_CURVE('',#1663,#1756,#211,.T.);
#1506=EDGE_CURVE('',#1757,#1662,#212,.F.);
#1507=EDGE_CURVE('',#1661,#1753,#213,.F.);
#1508=EDGE_CURVE('',#1752,#1659,#214,.T.);
#1509=EDGE_CURVE('',#1654,#1789,#215,.F.);
#1510=EDGE_CURVE('',#1790,#1658,#216,.F.);
#1511=EDGE_CURVE('',#1657,#1791,#217,.T.);
#1512=EDGE_CURVE('',#1792,#1656,#218,.F.);
#1513=EDGE_CURVE('',#1655,#1788,#219,.F.);
#1514=EDGE_CURVE('',#1787,#1653,#220,.T.);
#1515=EDGE_CURVE('',#1696,#1747,#221,.F.);
#1516=EDGE_CURVE('',#1746,#1694,#222,.T.);
#1517=EDGE_CURVE('',#1698,#1750,#223,.T.);
#1518=EDGE_CURVE('',#1751,#1697,#224,.T.);
#1519=EDGE_CURVE('',#1695,#1748,#225,.F.);
#1520=EDGE_CURVE('',#1749,#1699,#226,.F.);
#1521=EDGE_CURVE('',#1649,#1794,#227,.F.);
#1522=EDGE_CURVE('',#1793,#1647,#228,.T.);
#1523=EDGE_CURVE('',#1648,#1795,#229,.T.);
#1524=EDGE_CURVE('',#1796,#1652,#230,.F.);
#1525=EDGE_CURVE('',#1651,#1797,#231,.T.);
#1526=EDGE_CURVE('',#1798,#1650,#232,.T.);
#1527=EDGE_CURVE('',#1643,#1741,#233,.F.);
#1528=EDGE_CURVE('',#1740,#1641,#234,.T.);
#1529=EDGE_CURVE('',#1642,#1742,#235,.T.);
#1530=EDGE_CURVE('',#1743,#1646,#236,.F.);
#1531=EDGE_CURVE('',#1645,#1744,#237,.T.);
#1532=EDGE_CURVE('',#1745,#1644,#238,.T.);
#1533=EDGE_CURVE('',#1704,#1805,#239,.F.);
#1534=EDGE_CURVE('',#1806,#1703,#240,.F.);
#1535=EDGE_CURVE('',#1702,#1800,#241,.T.);
#1536=EDGE_CURVE('',#1799,#1700,#242,.F.);
#1537=EDGE_CURVE('',#1701,#1801,#243,.T.);
#1538=EDGE_CURVE('',#1802,#1707,#244,.F.);
#1539=EDGE_CURVE('',#1706,#1803,#245,.T.);
#1540=EDGE_CURVE('',#1804,#1705,#246,.T.);
#1541=EDGE_CURVE('',#1636,#1813,#247,.F.);
#1542=EDGE_CURVE('',#1814,#1635,#248,.F.);
#1543=EDGE_CURVE('',#1633,#1807,#249,.T.);
#1544=EDGE_CURVE('',#1808,#1634,#250,.F.);
#1545=EDGE_CURVE('',#1640,#1809,#251,.T.);
#1546=EDGE_CURVE('',#1810,#1639,#252,.F.);
#1547=EDGE_CURVE('',#1638,#1811,#253,.T.);
#1548=EDGE_CURVE('',#1812,#1637,#254,.T.);
#1549=EDGE_CURVE('',#1712,#1821,#255,.T.);
#1550=EDGE_CURVE('',#1822,#1711,#256,.F.);
#1551=EDGE_CURVE('',#1710,#1816,#257,.T.);
#1552=EDGE_CURVE('',#1815,#1708,#258,.F.);
#1553=EDGE_CURVE('',#1709,#1817,#259,.T.);
#1554=EDGE_CURVE('',#1818,#1715,#260,.F.);
#1555=EDGE_CURVE('',#1714,#1819,#261,.T.);
#1556=EDGE_CURVE('',#1820,#1713,#262,.F.);
#1557=EDGE_CURVE('',#1626,#1827,#263,.T.);
#1558=EDGE_CURVE('',#1828,#1632,#264,.T.);
#1559=EDGE_CURVE('',#1631,#1829,#265,.F.);
#1560=EDGE_CURVE('',#1830,#1630,#266,.F.);
#1561=EDGE_CURVE('',#1629,#1824,#267,.T.);
#1562=EDGE_CURVE('',#1823,#1628,#268,.F.);
#1563=EDGE_CURVE('',#1627,#1825,#269,.T.);
#1564=EDGE_CURVE('',#1826,#1625,#270,.F.);
#1565=EDGE_CURVE('',#1620,#1833,#271,.F.);
#1566=EDGE_CURVE('',#1834,#1624,#272,.F.);
#1567=EDGE_CURVE('',#1623,#1835,#273,.T.);
#1568=EDGE_CURVE('',#1836,#1622,#274,.F.);
#1569=EDGE_CURVE('',#1621,#1832,#275,.F.);
#1570=EDGE_CURVE('',#1831,#1619,#276,.T.);
#1571=EDGE_CURVE('',#1612,#1736,#277,.T.);
#1572=EDGE_CURVE('',#1737,#1618,#278,.F.);
#1573=EDGE_CURVE('',#1617,#1738,#279,.T.);
#1574=EDGE_CURVE('',#1739,#1616,#280,.F.);
#1575=EDGE_CURVE('',#1615,#1732,#281,.T.);
#1576=EDGE_CURVE('',#1733,#1614,#282,.F.);
#1577=EDGE_CURVE('',#1613,#1734,#283,.T.);
#1578=EDGE_CURVE('',#1735,#1611,#284,.F.);
#1579=EDGE_CURVE('',#1606,#1730,#285,.F.);
#1580=EDGE_CURVE('',#1731,#1605,#286,.F.);
#1581=EDGE_CURVE('',#1603,#1724,#287,.T.);
#1582=EDGE_CURVE('',#1725,#1604,#288,.F.);
#1583=EDGE_CURVE('',#1610,#1726,#289,.T.);
#1584=EDGE_CURVE('',#1727,#1609,#290,.F.);
#1585=EDGE_CURVE('',#1608,#1728,#291,.T.);
#1586=EDGE_CURVE('',#1729,#1607,#292,.T.);
#1587=EDGE_CURVE('',#1597,#1718,#293,.T.);
#1588=EDGE_CURVE('',#1719,#1595,#294,.F.);
#1589=EDGE_CURVE('',#1596,#1720,#295,.T.);
#1590=EDGE_CURVE('',#1721,#1602,#296,.F.);
#1591=EDGE_CURVE('',#1601,#1722,#297,.T.);
#1592=EDGE_CURVE('',#1723,#1600,#298,.F.);
#1593=EDGE_CURVE('',#1599,#1717,#299,.T.);
#1594=EDGE_CURVE('',#1716,#1598,#300,.F.);
#1595=VERTEX_POINT('',#3513);
#1596=VERTEX_POINT('',#3514);
#1597=VERTEX_POINT('',#3516);
#1598=VERTEX_POINT('',#3518);
#1599=VERTEX_POINT('',#3520);
#1600=VERTEX_POINT('',#3522);
#1601=VERTEX_POINT('',#3524);
#1602=VERTEX_POINT('',#3526);
#1603=VERTEX_POINT('',#3529);
#1604=VERTEX_POINT('',#3530);
#1605=VERTEX_POINT('',#3532);
#1606=VERTEX_POINT('',#3534);
#1607=VERTEX_POINT('',#3536);
#1608=VERTEX_POINT('',#3538);
#1609=VERTEX_POINT('',#3540);
#1610=VERTEX_POINT('',#3542);
#1611=VERTEX_POINT('',#3545);
#1612=VERTEX_POINT('',#3546);
#1613=VERTEX_POINT('',#3548);
#1614=VERTEX_POINT('',#3550);
#1615=VERTEX_POINT('',#3552);
#1616=VERTEX_POINT('',#3554);
#1617=VERTEX_POINT('',#3556);
#1618=VERTEX_POINT('',#3558);
#1619=VERTEX_POINT('',#3561);
#1620=VERTEX_POINT('',#3562);
#1621=VERTEX_POINT('',#3564);
#1622=VERTEX_POINT('',#3566);
#1623=VERTEX_POINT('',#3568);
#1624=VERTEX_POINT('',#3570);
#1625=VERTEX_POINT('',#3573);
#1626=VERTEX_POINT('',#3574);
#1627=VERTEX_POINT('',#3576);
#1628=VERTEX_POINT('',#3578);
#1629=VERTEX_POINT('',#3580);
#1630=VERTEX_POINT('',#3582);
#1631=VERTEX_POINT('',#3584);
#1632=VERTEX_POINT('',#3586);
#1633=VERTEX_POINT('',#3589);
#1634=VERTEX_POINT('',#3590);
#1635=VERTEX_POINT('',#3592);
#1636=VERTEX_POINT('',#3594);
#1637=VERTEX_POINT('',#3596);
#1638=VERTEX_POINT('',#3598);
#1639=VERTEX_POINT('',#3600);
#1640=VERTEX_POINT('',#3602);
#1641=VERTEX_POINT('',#3605);
#1642=VERTEX_POINT('',#3606);
#1643=VERTEX_POINT('',#3608);
#1644=VERTEX_POINT('',#3610);
#1645=VERTEX_POINT('',#3612);
#1646=VERTEX_POINT('',#3614);
#1647=VERTEX_POINT('',#3617);
#1648=VERTEX_POINT('',#3618);
#1649=VERTEX_POINT('',#3620);
#1650=VERTEX_POINT('',#3622);
#1651=VERTEX_POINT('',#3624);
#1652=VERTEX_POINT('',#3626);
#1653=VERTEX_POINT('',#3629);
#1654=VERTEX_POINT('',#3630);
#1655=VERTEX_POINT('',#3632);
#1656=VERTEX_POINT('',#3634);
#1657=VERTEX_POINT('',#3636);
#1658=VERTEX_POINT('',#3638);
#1659=VERTEX_POINT('',#3641);
#1660=VERTEX_POINT('',#3642);
#1661=VERTEX_POINT('',#3644);
#1662=VERTEX_POINT('',#3646);
#1663=VERTEX_POINT('',#3648);
#1664=VERTEX_POINT('',#3650);
#1665=VERTEX_POINT('',#3653);
#1666=VERTEX_POINT('',#3654);
#1667=VERTEX_POINT('',#3656);
#1668=VERTEX_POINT('',#3658);
#1669=VERTEX_POINT('',#3660);
#1670=VERTEX_POINT('',#3662);
#1671=VERTEX_POINT('',#3665);
#1672=VERTEX_POINT('',#3666);
#1673=VERTEX_POINT('',#3668);
#1674=VERTEX_POINT('',#3670);
#1675=VERTEX_POINT('',#3672);
#1676=VERTEX_POINT('',#3674);
#1677=VERTEX_POINT('',#3676);
#1678=VERTEX_POINT('',#3678);
#1679=VERTEX_POINT('',#3681);
#1680=VERTEX_POINT('',#3682);
#1681=VERTEX_POINT('',#3684);
#1682=VERTEX_POINT('',#3686);
#1683=VERTEX_POINT('',#3689);
#1684=VERTEX_POINT('',#3691);
#1685=VERTEX_POINT('',#3693);
#1686=VERTEX_POINT('',#3695);
#1687=VERTEX_POINT('',#3697);
#1688=VERTEX_POINT('',#3699);
#1689=VERTEX_POINT('',#3700);
#1690=VERTEX_POINT('',#3702);
#1691=VERTEX_POINT('',#3704);
#1692=VERTEX_POINT('',#3706);
#1693=VERTEX_POINT('',#3708);
#1694=VERTEX_POINT('',#3711);
#1695=VERTEX_POINT('',#3712);
#1696=VERTEX_POINT('',#3714);
#1697=VERTEX_POINT('',#3716);
#1698=VERTEX_POINT('',#3718);
#1699=VERTEX_POINT('',#3720);
#1700=VERTEX_POINT('',#3723);
#1701=VERTEX_POINT('',#3724);
#1702=VERTEX_POINT('',#3726);
#1703=VERTEX_POINT('',#3728);
#1704=VERTEX_POINT('',#3730);
#1705=VERTEX_POINT('',#3732);
#1706=VERTEX_POINT('',#3734);
#1707=VERTEX_POINT('',#3736);
#1708=VERTEX_POINT('',#3739);
#1709=VERTEX_POINT('',#3740);
#1710=VERTEX_POINT('',#3742);
#1711=VERTEX_POINT('',#3744);
#1712=VERTEX_POINT('',#3746);
#1713=VERTEX_POINT('',#3748);
#1714=VERTEX_POINT('',#3750);
#1715=VERTEX_POINT('',#3752);
#1716=VERTEX_POINT('',#3756);
#1717=VERTEX_POINT('',#3757);
#1718=VERTEX_POINT('',#3759);
#1719=VERTEX_POINT('',#3761);
#1720=VERTEX_POINT('',#3763);
#1721=VERTEX_POINT('',#3765);
#1722=VERTEX_POINT('',#3767);
#1723=VERTEX_POINT('',#3769);
#1724=VERTEX_POINT('',#3772);
#1725=VERTEX_POINT('',#3773);
#1726=VERTEX_POINT('',#3775);
#1727=VERTEX_POINT('',#3777);
#1728=VERTEX_POINT('',#3779);
#1729=VERTEX_POINT('',#3781);
#1730=VERTEX_POINT('',#3783);
#1731=VERTEX_POINT('',#3785);
#1732=VERTEX_POINT('',#3788);
#1733=VERTEX_POINT('',#3789);
#1734=VERTEX_POINT('',#3791);
#1735=VERTEX_POINT('',#3793);
#1736=VERTEX_POINT('',#3795);
#1737=VERTEX_POINT('',#3797);
#1738=VERTEX_POINT('',#3799);
#1739=VERTEX_POINT('',#3801);
#1740=VERTEX_POINT('',#3804);
#1741=VERTEX_POINT('',#3805);
#1742=VERTEX_POINT('',#3807);
#1743=VERTEX_POINT('',#3809);
#1744=VERTEX_POINT('',#3811);
#1745=VERTEX_POINT('',#3813);
#1746=VERTEX_POINT('',#3816);
#1747=VERTEX_POINT('',#3817);
#1748=VERTEX_POINT('',#3819);
#1749=VERTEX_POINT('',#3821);
#1750=VERTEX_POINT('',#3823);
#1751=VERTEX_POINT('',#3825);
#1752=VERTEX_POINT('',#3828);
#1753=VERTEX_POINT('',#3829);
#1754=VERTEX_POINT('',#3831);
#1755=VERTEX_POINT('',#3833);
#1756=VERTEX_POINT('',#3835);
#1757=VERTEX_POINT('',#3837);
#1758=VERTEX_POINT('',#3840);
#1759=VERTEX_POINT('',#3841);
#1760=VERTEX_POINT('',#3843);
#1761=VERTEX_POINT('',#3845);
#1762=VERTEX_POINT('',#3847);
#1763=VERTEX_POINT('',#3849);
#1764=VERTEX_POINT('',#3852);
#1765=VERTEX_POINT('',#3853);
#1766=VERTEX_POINT('',#3855);
#1767=VERTEX_POINT('',#3857);
#1768=VERTEX_POINT('',#3859);
#1769=VERTEX_POINT('',#3861);
#1770=VERTEX_POINT('',#3863);
#1771=VERTEX_POINT('',#3865);
#1772=VERTEX_POINT('',#3868);
#1773=VERTEX_POINT('',#3870);
#1774=VERTEX_POINT('',#3872);
#1775=VERTEX_POINT('',#3874);
#1776=VERTEX_POINT('',#3876);
#1777=VERTEX_POINT('',#3878);
#1778=VERTEX_POINT('',#3879);
#1779=VERTEX_POINT('',#3881);
#1780=VERTEX_POINT('',#3883);
#1781=VERTEX_POINT('',#3886);
#1782=VERTEX_POINT('',#3887);
#1783=VERTEX_POINT('',#3889);
#1784=VERTEX_POINT('',#3891);
#1785=VERTEX_POINT('',#3893);
#1786=VERTEX_POINT('',#3895);
#1787=VERTEX_POINT('',#3898);
#1788=VERTEX_POINT('',#3899);
#1789=VERTEX_POINT('',#3901);
#1790=VERTEX_POINT('',#3903);
#1791=VERTEX_POINT('',#3905);
#1792=VERTEX_POINT('',#3907);
#1793=VERTEX_POINT('',#3910);
#1794=VERTEX_POINT('',#3911);
#1795=VERTEX_POINT('',#3913);
#1796=VERTEX_POINT('',#3915);
#1797=VERTEX_POINT('',#3917);
#1798=VERTEX_POINT('',#3919);
#1799=VERTEX_POINT('',#3922);
#1800=VERTEX_POINT('',#3923);
#1801=VERTEX_POINT('',#3925);
#1802=VERTEX_POINT('',#3927);
#1803=VERTEX_POINT('',#3929);
#1804=VERTEX_POINT('',#3931);
#1805=VERTEX_POINT('',#3933);
#1806=VERTEX_POINT('',#3935);
#1807=VERTEX_POINT('',#3938);
#1808=VERTEX_POINT('',#3939);
#1809=VERTEX_POINT('',#3941);
#1810=VERTEX_POINT('',#3943);
#1811=VERTEX_POINT('',#3945);
#1812=VERTEX_POINT('',#3947);
#1813=VERTEX_POINT('',#3949);
#1814=VERTEX_POINT('',#3951);
#1815=VERTEX_POINT('',#3954);
#1816=VERTEX_POINT('',#3955);
#1817=VERTEX_POINT('',#3957);
#1818=VERTEX_POINT('',#3959);
#1819=VERTEX_POINT('',#3961);
#1820=VERTEX_POINT('',#3963);
#1821=VERTEX_POINT('',#3965);
#1822=VERTEX_POINT('',#3967);
#1823=VERTEX_POINT('',#3970);
#1824=VERTEX_POINT('',#3971);
#1825=VERTEX_POINT('',#3973);
#1826=VERTEX_POINT('',#3975);
#1827=VERTEX_POINT('',#3977);
#1828=VERTEX_POINT('',#3979);
#1829=VERTEX_POINT('',#3981);
#1830=VERTEX_POINT('',#3983);
#1831=VERTEX_POINT('',#3986);
#1832=VERTEX_POINT('',#3987);
#1833=VERTEX_POINT('',#3989);
#1834=VERTEX_POINT('',#3991);
#1835=VERTEX_POINT('',#3993);
#1836=VERTEX_POINT('',#3995);
#1837=CIRCLE('',#2506,0.002);
#1838=CIRCLE('',#2507,0.002);
#1839=CIRCLE('',#2508,0.002);
#1840=CIRCLE('',#2509,0.002);
#1841=CIRCLE('',#2510,0.002);
#1842=CIRCLE('',#2511,0.002);
#1843=CIRCLE('',#2512,0.002);
#1844=CIRCLE('',#2513,0.002);
#1845=CIRCLE('',#2514,0.002);
#1846=CIRCLE('',#2515,0.002);
#1847=CIRCLE('',#2516,0.002);
#1848=CIRCLE('',#2517,0.002);
#1849=CIRCLE('',#2518,0.002);
#1850=CIRCLE('',#2519,0.0355);
#1851=CIRCLE('',#2520,0.002);
#1852=CIRCLE('',#2521,0.002);
#1853=CIRCLE('',#2522,0.002);
#1854=CIRCLE('',#2523,0.002);
#1855=CIRCLE('',#2524,0.002);
#1856=CIRCLE('',#2525,0.002);
#1857=CIRCLE('',#2526,0.002);
#1858=CIRCLE('',#2527,0.002);
#1859=CIRCLE('',#2528,0.002);
#1860=CIRCLE('',#2529,0.002);
#1861=CIRCLE('',#2530,0.002);
#1862=CIRCLE('',#2531,0.0355);
#1863=CIRCLE('',#2532,0.002);
#1864=CIRCLE('',#2533,0.002);
#1865=CIRCLE('',#2534,0.002);
#1866=CIRCLE('',#2535,0.0355);
#1867=CIRCLE('',#2536,0.002);
#1868=CIRCLE('',#2537,0.002);
#1869=CIRCLE('',#2538,0.002);
#1870=CIRCLE('',#2539,0.0355);
#1871=CIRCLE('',#2540,0.002);
#1872=CIRCLE('',#2541,0.002);
#1873=CIRCLE('',#2542,0.002);
#1874=CIRCLE('',#2543,0.0355);
#1875=CIRCLE('',#2544,0.002);
#1876=CIRCLE('',#2545,0.002);
#1877=CIRCLE('',#2546,0.002);
#1878=CIRCLE('',#2547,0.0355);
#1879=CIRCLE('',#2548,0.002);
#1880=CIRCLE('',#2549,0.002);
#1881=CIRCLE('',#2550,0.002);
#1882=CIRCLE('',#2551,0.002);
#1883=CIRCLE('',#2552,0.002);
#1884=CIRCLE('',#2553,0.002);
#1885=CIRCLE('',#2554,0.0021);
#1886=CIRCLE('',#2555,0.0021);
#1887=CIRCLE('',#2556,0.0021);
#1888=CIRCLE('',#2557,0.0021);
#1889=CIRCLE('',#2558,0.0325);
#1890=CIRCLE('',#2559,0.002);
#1891=CIRCLE('',#2560,0.0355);
#1892=CIRCLE('',#2561,0.002);
#1893=CIRCLE('',#2562,0.002);
#1894=CIRCLE('',#2563,0.002);
#1895=CIRCLE('',#2564,0.0355);
#1896=CIRCLE('',#2565,0.002);
#1897=CIRCLE('',#2566,0.002);
#1898=CIRCLE('',#2567,0.002);
#1899=CIRCLE('',#2568,0.002);
#1900=CIRCLE('',#2569,0.002);
#1901=CIRCLE('',#2570,0.002);
#1902=CIRCLE('',#2571,0.002);
#1903=CIRCLE('',#2572,0.002);
#1904=CIRCLE('',#2573,0.002);
#1905=CIRCLE('',#2574,0.002);
#1906=CIRCLE('',#2576,0.002);
#1907=CIRCLE('',#2577,0.002);
#1908=CIRCLE('',#2578,0.002);
#1909=CIRCLE('',#2579,0.002);
#1910=CIRCLE('',#2580,0.002);
#1911=CIRCLE('',#2581,0.002);
#1912=CIRCLE('',#2582,0.002);
#1913=CIRCLE('',#2583,0.002);
#1914=CIRCLE('',#2584,0.002);
#1915=CIRCLE('',#2585,0.002);
#1916=CIRCLE('',#2586,0.002);
#1917=CIRCLE('',#2587,0.002);
#1918=CIRCLE('',#2588,0.0355);
#1919=CIRCLE('',#2589,0.002);
#1920=CIRCLE('',#2590,0.002);
#1921=CIRCLE('',#2591,0.002);
#1922=CIRCLE('',#2592,0.0355);
#1923=CIRCLE('',#2593,0.002);
#1924=CIRCLE('',#2594,0.002);
#1925=CIRCLE('',#2595,0.002);
#1926=CIRCLE('',#2596,0.0355);
#1927=CIRCLE('',#2597,0.002);
#1928=CIRCLE('',#2598,0.002);
#1929=CIRCLE('',#2599,0.002);
#1930=CIRCLE('',#2600,0.0355);
#1931=CIRCLE('',#2601,0.002);
#1932=CIRCLE('',#2602,0.002);
#1933=CIRCLE('',#2603,0.002);
#1934=CIRCLE('',#2604,0.002);
#1935=CIRCLE('',#2605,0.002);
#1936=CIRCLE('',#2606,0.002);
#1937=CIRCLE('',#2607,0.002);
#1938=CIRCLE('',#2608,0.0021);
#1939=CIRCLE('',#2609,0.0021);
#1940=CIRCLE('',#2610,0.0021);
#1941=CIRCLE('',#2611,0.0021);
#1942=CIRCLE('',#2612,0.0325);
#1943=CIRCLE('',#2613,0.0355);
#1944=CIRCLE('',#2614,0.002);
#1945=CIRCLE('',#2615,0.002);
#1946=CIRCLE('',#2616,0.002);
#1947=CIRCLE('',#2617,0.0355);
#1948=CIRCLE('',#2618,0.002);
#1949=CIRCLE('',#2619,0.002);
#1950=CIRCLE('',#2620,0.002);
#1951=CIRCLE('',#2621,0.0355);
#1952=CIRCLE('',#2622,0.002);
#1953=CIRCLE('',#2623,0.002);
#1954=CIRCLE('',#2624,0.002);
#1955=CIRCLE('',#2625,0.002);
#1956=CIRCLE('',#2626,0.002);
#1957=CIRCLE('',#2627,0.002);
#1958=CIRCLE('',#2628,0.002);
#1959=CIRCLE('',#2629,0.002);
#1960=CIRCLE('',#2630,0.002);
#1961=CIRCLE('',#2631,0.002);
#1962=CIRCLE('',#2632,0.002);
#1963=CIRCLE('',#2633,0.002);
#1964=CIRCLE('',#2634,0.002);
#1965=CIRCLE('',#2635,0.002);
#1966=CIRCLE('',#2636,0.002);
#1967=CIRCLE('',#2637,0.002);
#1968=CIRCLE('',#2638,0.002);
#1969=CIRCLE('',#2639,0.002);
#1970=CIRCLE('',#2640,0.002);
#1971=CIRCLE('',#2641,0.0355);
#1972=CIRCLE('',#2642,0.002);
#1973=CIRCLE('',#2643,0.002);
#1974=CIRCLE('',#2644,0.002);
#1975=EDGE_LOOP('',(#521,#522,#523,#524,#525,#526,#527,#528));
#1976=EDGE_LOOP('',(#529,#530,#531,#532,#533,#534,#535,#536));
#1977=EDGE_LOOP('',(#537,#538,#539,#540,#541,#542,#543,#544));
#1978=EDGE_LOOP('',(#545,#546,#547,#548,#549,#550));
#1979=EDGE_LOOP('',(#551,#552,#553,#554,#555,#556,#557,#558));
#1980=EDGE_LOOP('',(#559,#560,#561,#562,#563,#564,#565,#566));
#1981=EDGE_LOOP('',(#567,#568,#569,#570,#571,#572));
#1982=EDGE_LOOP('',(#573,#574,#575,#576,#577,#578));
#1983=EDGE_LOOP('',(#579,#580,#581,#582,#583,#584));
#1984=EDGE_LOOP('',(#585,#586,#587,#588,#589,#590));
#1985=EDGE_LOOP('',(#591,#592,#593,#594,#595,#596));
#1986=EDGE_LOOP('',(#597,#598,#599,#600,#601,#602,#603,#604));
#1987=EDGE_LOOP('',(#605,#606,#607,#608));
#1988=EDGE_LOOP('',(#609));
#1989=EDGE_LOOP('',(#610));
#1990=EDGE_LOOP('',(#611));
#1991=EDGE_LOOP('',(#612));
#1992=EDGE_LOOP('',(#613));
#1993=EDGE_LOOP('',(#614,#615,#616,#617,#618,#619));
#1994=EDGE_LOOP('',(#620,#621,#622,#623,#624,#625));
#1995=EDGE_LOOP('',(#626,#627,#628,#629,#630,#631,#632,#633));
#1996=EDGE_LOOP('',(#634,#635,#636,#637,#638,#639,#640,#641));
#1997=EDGE_LOOP('',(#642,#643,#644,#645,#646,#647,#648,#649));
#1998=EDGE_LOOP('',(#650,#651,#652,#653,#654,#655,#656,#657));
#1999=EDGE_LOOP('',(#658,#659,#660,#661,#662,#663,#664,#665));
#2000=EDGE_LOOP('',(#666,#667,#668,#669,#670,#671));
#2001=EDGE_LOOP('',(#672,#673,#674,#675,#676,#677));
#2002=EDGE_LOOP('',(#678,#679,#680,#681,#682,#683));
#2003=EDGE_LOOP('',(#684,#685,#686,#687,#688,#689));
#2004=EDGE_LOOP('',(#690,#691,#692,#693,#694,#695,#696,#697));
#2005=EDGE_LOOP('',(#698));
#2006=EDGE_LOOP('',(#699));
#2007=EDGE_LOOP('',(#700));
#2008=EDGE_LOOP('',(#701));
#2009=EDGE_LOOP('',(#702));
#2010=EDGE_LOOP('',(#703,#704,#705,#706));
#2011=EDGE_LOOP('',(#707,#708,#709,#710,#711,#712));
#2012=EDGE_LOOP('',(#713,#714,#715,#716,#717,#718));
#2013=EDGE_LOOP('',(#719,#720,#721,#722,#723,#724));
#2014=EDGE_LOOP('',(#725,#726,#727,#728,#729,#730,#731,#732));
#2015=EDGE_LOOP('',(#733,#734,#735,#736,#737,#738,#739,#740));
#2016=EDGE_LOOP('',(#741,#742,#743,#744,#745,#746,#747,#748));
#2017=EDGE_LOOP('',(#749,#750,#751,#752,#753,#754,#755,#756));
#2018=EDGE_LOOP('',(#757,#758,#759,#760,#761,#762));
#2019=EDGE_LOOP('',(#763,#764,#765,#766));
#2020=EDGE_LOOP('',(#767,#768,#769,#770));
#2021=EDGE_LOOP('',(#771,#772,#773,#774));
#2022=EDGE_LOOP('',(#775));
#2023=EDGE_LOOP('',(#776));
#2024=EDGE_LOOP('',(#777));
#2025=EDGE_LOOP('',(#778));
#2026=EDGE_LOOP('',(#779));
#2027=EDGE_LOOP('',(#780));
#2028=EDGE_LOOP('',(#781));
#2029=EDGE_LOOP('',(#782));
#2030=EDGE_LOOP('',(#783));
#2031=EDGE_LOOP('',(#784));
#2032=EDGE_LOOP('',(#785,#786,#787,#788));
#2033=EDGE_LOOP('',(#789,#790,#791,#792));
#2034=EDGE_LOOP('',(#793,#794,#795,#796));
#2035=EDGE_LOOP('',(#797,#798,#799,#800));
#2036=EDGE_LOOP('',(#801,#802,#803,#804));
#2037=EDGE_LOOP('',(#805,#806,#807,#808));
#2038=EDGE_LOOP('',(#809,#810,#811,#812));
#2039=EDGE_LOOP('',(#813,#814,#815,#816));
#2040=EDGE_LOOP('',(#817,#818,#819,#820));
#2041=EDGE_LOOP('',(#821,#822,#823,#824));
#2042=EDGE_LOOP('',(#825,#826,#827,#828));
#2043=EDGE_LOOP('',(#829,#830,#831,#832));
#2044=EDGE_LOOP('',(#833,#834,#835,#836));
#2045=EDGE_LOOP('',(#837,#838,#839,#840));
#2046=EDGE_LOOP('',(#841,#842,#843,#844));
#2047=EDGE_LOOP('',(#845,#846,#847,#848));
#2048=EDGE_LOOP('',(#849,#850,#851,#852));
#2049=EDGE_LOOP('',(#853,#854,#855,#856));
#2050=EDGE_LOOP('',(#857,#858,#859,#860));
#2051=EDGE_LOOP('',(#861,#862,#863,#864));
#2052=EDGE_LOOP('',(#865,#866,#867,#868));
#2053=EDGE_LOOP('',(#869,#870,#871,#872));
#2054=EDGE_LOOP('',(#873,#874,#875,#876));
#2055=EDGE_LOOP('',(#877,#878,#879,#880));
#2056=EDGE_LOOP('',(#881,#882,#883,#884));
#2057=EDGE_LOOP('',(#885,#886,#887,#888));
#2058=EDGE_LOOP('',(#889,#890,#891,#892));
#2059=EDGE_LOOP('',(#893,#894,#895,#896));
#2060=EDGE_LOOP('',(#897,#898,#899,#900));
#2061=EDGE_LOOP('',(#901,#902,#903,#904));
#2062=EDGE_LOOP('',(#905,#906,#907,#908));
#2063=EDGE_LOOP('',(#909,#910,#911,#912));
#2064=EDGE_LOOP('',(#913,#914,#915,#916));
#2065=EDGE_LOOP('',(#917,#918,#919,#920));
#2066=EDGE_LOOP('',(#921,#922,#923,#924));
#2067=EDGE_LOOP('',(#925,#926,#927,#928));
#2068=EDGE_LOOP('',(#929,#930,#931,#932));
#2069=EDGE_LOOP('',(#933,#934,#935,#936));
#2070=EDGE_LOOP('',(#937,#938,#939,#940));
#2071=EDGE_LOOP('',(#941,#942,#943,#944));
#2072=EDGE_LOOP('',(#945,#946,#947,#948));
#2073=EDGE_LOOP('',(#949,#950,#951,#952));
#2074=EDGE_LOOP('',(#953,#954,#955,#956));
#2075=EDGE_LOOP('',(#957,#958,#959,#960));
#2076=EDGE_LOOP('',(#961,#962,#963,#964));
#2077=EDGE_LOOP('',(#965,#966,#967,#968));
#2078=EDGE_LOOP('',(#969,#970,#971,#972));
#2079=EDGE_LOOP('',(#973,#974,#975,#976));
#2080=EDGE_LOOP('',(#977,#978,#979,#980));
#2081=EDGE_LOOP('',(#981,#982,#983,#984));
#2082=EDGE_LOOP('',(#985,#986,#987,#988));
#2083=EDGE_LOOP('',(#989,#990,#991,#992));
#2084=EDGE_LOOP('',(#993,#994,#995,#996));
#2085=EDGE_LOOP('',(#997,#998,#999,#1000));
#2086=EDGE_LOOP('',(#1001,#1002,#1003,#1004));
#2087=EDGE_LOOP('',(#1005,#1006,#1007,#1008));
#2088=EDGE_LOOP('',(#1009,#1010,#1011,#1012));
#2089=EDGE_LOOP('',(#1013,#1014,#1015,#1016));
#2090=EDGE_LOOP('',(#1017,#1018,#1019,#1020));
#2091=EDGE_LOOP('',(#1021,#1022,#1023,#1024));
#2092=EDGE_LOOP('',(#1025,#1026,#1027,#1028));
#2093=EDGE_LOOP('',(#1029,#1030,#1031,#1032));
#2094=EDGE_LOOP('',(#1033,#1034,#1035,#1036));
#2095=EDGE_LOOP('',(#1037,#1038,#1039,#1040));
#2096=EDGE_LOOP('',(#1041,#1042,#1043,#1044));
#2097=EDGE_LOOP('',(#1045,#1046,#1047,#1048));
#2098=EDGE_LOOP('',(#1049,#1050,#1051,#1052));
#2099=EDGE_LOOP('',(#1053,#1054,#1055,#1056));
#2100=EDGE_LOOP('',(#1057,#1058,#1059,#1060));
#2101=EDGE_LOOP('',(#1061,#1062,#1063,#1064));
#2102=EDGE_LOOP('',(#1065,#1066,#1067,#1068));
#2103=EDGE_LOOP('',(#1069,#1070,#1071,#1072));
#2104=EDGE_LOOP('',(#1073,#1074,#1075,#1076));
#2105=EDGE_LOOP('',(#1077,#1078,#1079,#1080));
#2106=EDGE_LOOP('',(#1081,#1082,#1083,#1084));
#2107=EDGE_LOOP('',(#1085,#1086,#1087,#1088));
#2108=EDGE_LOOP('',(#1089,#1090,#1091,#1092));
#2109=EDGE_LOOP('',(#1093,#1094,#1095,#1096));
#2110=EDGE_LOOP('',(#1097,#1098,#1099,#1100));
#2111=EDGE_LOOP('',(#1101,#1102,#1103,#1104));
#2112=EDGE_LOOP('',(#1105,#1106,#1107,#1108));
#2113=EDGE_LOOP('',(#1109,#1110,#1111,#1112));
#2114=EDGE_LOOP('',(#1113,#1114,#1115,#1116));
#2115=EDGE_LOOP('',(#1117,#1118,#1119,#1120));
#2116=EDGE_LOOP('',(#1121,#1122,#1123,#1124));
#2117=EDGE_LOOP('',(#1125,#1126,#1127,#1128));
#2118=EDGE_LOOP('',(#1129,#1130,#1131,#1132));
#2119=EDGE_LOOP('',(#1133,#1134,#1135,#1136));
#2120=EDGE_LOOP('',(#1137,#1138,#1139,#1140));
#2121=EDGE_LOOP('',(#1141,#1142,#1143,#1144));
#2122=EDGE_LOOP('',(#1145,#1146,#1147,#1148));
#2123=EDGE_LOOP('',(#1149,#1150,#1151,#1152));
#2124=EDGE_LOOP('',(#1153,#1154,#1155,#1156));
#2125=EDGE_LOOP('',(#1157,#1158,#1159,#1160));
#2126=EDGE_LOOP('',(#1161,#1162,#1163,#1164));
#2127=EDGE_LOOP('',(#1165,#1166,#1167,#1168));
#2128=EDGE_LOOP('',(#1169,#1170,#1171,#1172));
#2129=EDGE_LOOP('',(#1173,#1174,#1175,#1176));
#2130=EDGE_LOOP('',(#1177,#1178,#1179,#1180));
#2131=EDGE_LOOP('',(#1181,#1182,#1183,#1184));
#2132=EDGE_LOOP('',(#1185,#1186,#1187,#1188));
#2133=EDGE_LOOP('',(#1189,#1190,#1191,#1192));
#2134=EDGE_LOOP('',(#1193,#1194,#1195,#1196));
#2135=EDGE_LOOP('',(#1197,#1198,#1199,#1200));
#2136=EDGE_LOOP('',(#1201,#1202,#1203,#1204));
#2137=EDGE_LOOP('',(#1205,#1206,#1207,#1208));
#2138=EDGE_LOOP('',(#1209,#1210,#1211,#1212));
#2139=EDGE_LOOP('',(#1213,#1214,#1215,#1216));
#2140=EDGE_LOOP('',(#1217,#1218,#1219,#1220));
#2141=EDGE_LOOP('',(#1221,#1222,#1223,#1224));
#2142=EDGE_LOOP('',(#1225,#1226,#1227,#1228));
#2143=EDGE_LOOP('',(#1229,#1230,#1231,#1232));
#2144=EDGE_LOOP('',(#1233,#1234,#1235,#1236));
#2145=FACE_BOUND('',#1975,.T.);
#2146=FACE_BOUND('',#1976,.T.);
#2147=FACE_BOUND('',#1977,.T.);
#2148=FACE_BOUND('',#1978,.T.);
#2149=FACE_BOUND('',#1979,.T.);
#2150=FACE_BOUND('',#1980,.T.);
#2151=FACE_BOUND('',#1981,.T.);
#2152=FACE_BOUND('',#1982,.T.);
#2153=FACE_BOUND('',#1983,.T.);
#2154=FACE_BOUND('',#1984,.T.);
#2155=FACE_BOUND('',#1985,.T.);
#2156=FACE_BOUND('',#1986,.T.);
#2157=FACE_BOUND('',#1987,.T.);
#2158=FACE_BOUND('',#1988,.T.);
#2159=FACE_BOUND('',#1989,.T.);
#2160=FACE_BOUND('',#1990,.T.);
#2161=FACE_BOUND('',#1991,.T.);
#2162=FACE_BOUND('',#1992,.T.);
#2163=FACE_BOUND('',#1993,.T.);
#2164=FACE_BOUND('',#1994,.T.);
#2165=FACE_BOUND('',#1995,.T.);
#2166=FACE_BOUND('',#1996,.T.);
#2167=FACE_BOUND('',#1997,.T.);
#2168=FACE_BOUND('',#1998,.T.);
#2169=FACE_BOUND('',#1999,.T.);
#2170=FACE_BOUND('',#2000,.T.);
#2171=FACE_BOUND('',#2001,.T.);
#2172=FACE_BOUND('',#2002,.T.);
#2173=FACE_BOUND('',#2003,.T.);
#2174=FACE_BOUND('',#2004,.T.);
#2175=FACE_BOUND('',#2005,.T.);
#2176=FACE_BOUND('',#2006,.T.);
#2177=FACE_BOUND('',#2007,.T.);
#2178=FACE_BOUND('',#2008,.T.);
#2179=FACE_BOUND('',#2009,.T.);
#2180=FACE_BOUND('',#2010,.T.);
#2181=FACE_BOUND('',#2011,.T.);
#2182=FACE_BOUND('',#2012,.T.);
#2183=FACE_BOUND('',#2013,.T.);
#2184=FACE_BOUND('',#2014,.T.);
#2185=FACE_BOUND('',#2015,.T.);
#2186=FACE_BOUND('',#2016,.T.);
#2187=FACE_BOUND('',#2017,.T.);
#2188=FACE_BOUND('',#2018,.T.);
#2189=FACE_BOUND('',#2019,.T.);
#2190=FACE_BOUND('',#2020,.T.);
#2191=FACE_BOUND('',#2021,.T.);
#2192=FACE_BOUND('',#2022,.T.);
#2193=FACE_BOUND('',#2023,.T.);
#2194=FACE_BOUND('',#2024,.T.);
#2195=FACE_BOUND('',#2025,.T.);
#2196=FACE_BOUND('',#2026,.T.);
#2197=FACE_BOUND('',#2027,.T.);
#2198=FACE_BOUND('',#2028,.T.);
#2199=FACE_BOUND('',#2029,.T.);
#2200=FACE_BOUND('',#2030,.T.);
#2201=FACE_BOUND('',#2031,.T.);
#2202=FACE_BOUND('',#2032,.T.);
#2203=FACE_BOUND('',#2033,.T.);
#2204=FACE_BOUND('',#2034,.T.);
#2205=FACE_BOUND('',#2035,.T.);
#2206=FACE_BOUND('',#2036,.T.);
#2207=FACE_BOUND('',#2037,.T.);
#2208=FACE_BOUND('',#2038,.T.);
#2209=FACE_BOUND('',#2039,.T.);
#2210=FACE_BOUND('',#2040,.T.);
#2211=FACE_BOUND('',#2041,.T.);
#2212=FACE_BOUND('',#2042,.T.);
#2213=FACE_BOUND('',#2043,.T.);
#2214=FACE_BOUND('',#2044,.T.);
#2215=FACE_BOUND('',#2045,.T.);
#2216=FACE_BOUND('',#2046,.T.);
#2217=FACE_BOUND('',#2047,.T.);
#2218=FACE_BOUND('',#2048,.T.);
#2219=FACE_BOUND('',#2049,.T.);
#2220=FACE_BOUND('',#2050,.T.);
#2221=FACE_BOUND('',#2051,.T.);
#2222=FACE_BOUND('',#2052,.T.);
#2223=FACE_BOUND('',#2053,.T.);
#2224=FACE_BOUND('',#2054,.T.);
#2225=FACE_BOUND('',#2055,.T.);
#2226=FACE_BOUND('',#2056,.T.);
#2227=FACE_BOUND('',#2057,.T.);
#2228=FACE_BOUND('',#2058,.T.);
#2229=FACE_BOUND('',#2059,.T.);
#2230=FACE_BOUND('',#2060,.T.);
#2231=FACE_BOUND('',#2061,.T.);
#2232=FACE_BOUND('',#2062,.T.);
#2233=FACE_BOUND('',#2063,.T.);
#2234=FACE_BOUND('',#2064,.T.);
#2235=FACE_BOUND('',#2065,.T.);
#2236=FACE_BOUND('',#2066,.T.);
#2237=FACE_BOUND('',#2067,.T.);
#2238=FACE_BOUND('',#2068,.T.);
#2239=FACE_BOUND('',#2069,.T.);
#2240=FACE_BOUND('',#2070,.T.);
#2241=FACE_BOUND('',#2071,.T.);
#2242=FACE_BOUND('',#2072,.T.);
#2243=FACE_BOUND('',#2073,.T.);
#2244=FACE_BOUND('',#2074,.T.);
#2245=FACE_BOUND('',#2075,.T.);
#2246=FACE_BOUND('',#2076,.T.);
#2247=FACE_BOUND('',#2077,.T.);
#2248=FACE_BOUND('',#2078,.T.);
#2249=FACE_BOUND('',#2079,.T.);
#2250=FACE_BOUND('',#2080,.T.);
#2251=FACE_BOUND('',#2081,.T.);
#2252=FACE_BOUND('',#2082,.T.);
#2253=FACE_BOUND('',#2083,.T.);
#2254=FACE_BOUND('',#2084,.T.);
#2255=FACE_BOUND('',#2085,.T.);
#2256=FACE_BOUND('',#2086,.T.);
#2257=FACE_BOUND('',#2087,.T.);
#2258=FACE_BOUND('',#2088,.T.);
#2259=FACE_BOUND('',#2089,.T.);
#2260=FACE_BOUND('',#2090,.T.);
#2261=FACE_BOUND('',#2091,.T.);
#2262=FACE_BOUND('',#2092,.T.);
#2263=FACE_BOUND('',#2093,.T.);
#2264=FACE_BOUND('',#2094,.T.);
#2265=FACE_BOUND('',#2095,.T.);
#2266=FACE_BOUND('',#2096,.T.);
#2267=FACE_BOUND('',#2097,.T.);
#2268=FACE_BOUND('',#2098,.T.);
#2269=FACE_BOUND('',#2099,.T.);
#2270=FACE_BOUND('',#2100,.T.);
#2271=FACE_BOUND('',#2101,.T.);
#2272=FACE_BOUND('',#2102,.T.);
#2273=FACE_BOUND('',#2103,.T.);
#2274=FACE_BOUND('',#2104,.T.);
#2275=FACE_BOUND('',#2105,.T.);
#2276=FACE_BOUND('',#2106,.T.);
#2277=FACE_BOUND('',#2107,.T.);
#2278=FACE_BOUND('',#2108,.T.);
#2279=FACE_BOUND('',#2109,.T.);
#2280=FACE_BOUND('',#2110,.T.);
#2281=FACE_BOUND('',#2111,.T.);
#2282=FACE_BOUND('',#2112,.T.);
#2283=FACE_BOUND('',#2113,.T.);
#2284=FACE_BOUND('',#2114,.T.);
#2285=FACE_BOUND('',#2115,.T.);
#2286=FACE_BOUND('',#2116,.T.);
#2287=FACE_BOUND('',#2117,.T.);
#2288=FACE_BOUND('',#2118,.T.);
#2289=FACE_BOUND('',#2119,.T.);
#2290=FACE_BOUND('',#2120,.T.);
#2291=FACE_BOUND('',#2121,.T.);
#2292=FACE_BOUND('',#2122,.T.);
#2293=FACE_BOUND('',#2123,.T.);
#2294=FACE_BOUND('',#2124,.T.);
#2295=FACE_BOUND('',#2125,.T.);
#2296=FACE_BOUND('',#2126,.T.);
#2297=FACE_BOUND('',#2127,.T.);
#2298=FACE_BOUND('',#2128,.T.);
#2299=FACE_BOUND('',#2129,.T.);
#2300=FACE_BOUND('',#2130,.T.);
#2301=FACE_BOUND('',#2131,.T.);
#2302=FACE_BOUND('',#2132,.T.);
#2303=FACE_BOUND('',#2133,.T.);
#2304=FACE_BOUND('',#2134,.T.);
#2305=FACE_BOUND('',#2135,.T.);
#2306=FACE_BOUND('',#2136,.T.);
#2307=FACE_BOUND('',#2137,.T.);
#2308=FACE_BOUND('',#2138,.T.);
#2309=FACE_BOUND('',#2139,.T.);
#2310=FACE_BOUND('',#2140,.T.);
#2311=FACE_BOUND('',#2141,.T.);
#2312=FACE_BOUND('',#2142,.T.);
#2313=FACE_BOUND('',#2143,.T.);
#2314=FACE_BOUND('',#2144,.T.);
#2315=PLANE('',#2505);
#2316=PLANE('',#2575);
#2317=PLANE('',#2645);
#2318=PLANE('',#2646);
#2319=PLANE('',#2647);
#2320=PLANE('',#2653);
#2321=PLANE('',#2654);
#2322=PLANE('',#2655);
#2323=PLANE('',#2656);
#2324=PLANE('',#2657);
#2325=PLANE('',#2662);
#2326=PLANE('',#2663);
#2327=PLANE('',#2668);
#2328=PLANE('',#2669);
#2329=PLANE('',#2674);
#2330=PLANE('',#2675);
#2331=PLANE('',#2680);
#2332=PLANE('',#2681);
#2333=PLANE('',#2687);
#2334=PLANE('',#2688);
#2335=PLANE('',#2693);
#2336=PLANE('',#2694);
#2337=PLANE('',#2699);
#2338=PLANE('',#2700);
#2339=PLANE('',#2704);
#2340=PLANE('',#2705);
#2341=PLANE('',#2706);
#2342=PLANE('',#2707);
#2343=PLANE('',#2712);
#2344=PLANE('',#2713);
#2345=PLANE('',#2714);
#2346=PLANE('',#2715);
#2347=PLANE('',#2720);
#2348=PLANE('',#2721);
#2349=PLANE('',#2722);
#2350=PLANE('',#2723);
#2351=PLANE('',#2728);
#2352=PLANE('',#2729);
#2353=PLANE('',#2730);
#2354=PLANE('',#2731);
#2355=PLANE('',#2736);
#2356=PLANE('',#2737);
#2357=PLANE('',#2742);
#2358=PLANE('',#2743);
#2359=PLANE('',#2744);
#2360=PLANE('',#2745);
#2361=PLANE('',#2750);
#2362=PLANE('',#2751);
#2363=PLANE('',#2752);
#2364=PLANE('',#2753);
#2365=PLANE('',#2758);
#2366=PLANE('',#2759);
#2367=PLANE('',#2760);
#2368=PLANE('',#2761);
#2369=ADVANCED_FACE('',(#2145,#2146,#2147,#2148,#2149,#2150,#2151,#2152,
#2153,#2154,#2155,#2156,#2157,#2158,#2159,#2160,#2161,#2162,#2163,#2164,
#2165,#2166),#2315,.T.);
#2370=ADVANCED_FACE('',(#2167,#2168,#2169,#2170,#2171,#2172,#2173,#2174,
#2175,#2176,#2177,#2178,#2179,#2180,#2181,#2182,#2183,#2184,#2185,#2186,
#2187,#2188),#2316,.F.);
#2371=ADVANCED_FACE('',(#2189),#2317,.F.);
#2372=ADVANCED_FACE('',(#2190),#2318,.F.);
#2373=ADVANCED_FACE('',(#2191),#2319,.F.);
#2374=ADVANCED_FACE('',(#2192,#2193),#12,.F.);
#2375=ADVANCED_FACE('',(#2194,#2195),#13,.F.);
#2376=ADVANCED_FACE('',(#2196,#2197),#14,.F.);
#2377=ADVANCED_FACE('',(#2198,#2199),#15,.F.);
#2378=ADVANCED_FACE('',(#2200,#2201),#16,.F.);
#2379=ADVANCED_FACE('',(#2202),#2320,.F.);
#2380=ADVANCED_FACE('',(#2203),#2321,.F.);
#2381=ADVANCED_FACE('',(#2204),#2322,.F.);
#2382=ADVANCED_FACE('',(#2205),#2323,.F.);
#2383=ADVANCED_FACE('',(#2206),#2324,.T.);
#2384=ADVANCED_FACE('',(#2207),#17,.F.);
#2385=ADVANCED_FACE('',(#2208),#18,.F.);
#2386=ADVANCED_FACE('',(#2209),#19,.F.);
#2387=ADVANCED_FACE('',(#2210),#20,.F.);
#2388=ADVANCED_FACE('',(#2211),#2325,.T.);
#2389=ADVANCED_FACE('',(#2212),#2326,.F.);
#2390=ADVANCED_FACE('',(#2213),#21,.T.);
#2391=ADVANCED_FACE('',(#2214),#22,.F.);
#2392=ADVANCED_FACE('',(#2215),#23,.F.);
#2393=ADVANCED_FACE('',(#2216),#24,.F.);
#2394=ADVANCED_FACE('',(#2217),#2327,.T.);
#2395=ADVANCED_FACE('',(#2218),#2328,.F.);
#2396=ADVANCED_FACE('',(#2219),#25,.T.);
#2397=ADVANCED_FACE('',(#2220),#26,.F.);
#2398=ADVANCED_FACE('',(#2221),#27,.F.);
#2399=ADVANCED_FACE('',(#2222),#28,.F.);
#2400=ADVANCED_FACE('',(#2223),#2329,.F.);
#2401=ADVANCED_FACE('',(#2224),#2330,.F.);
#2402=ADVANCED_FACE('',(#2225),#29,.T.);
#2403=ADVANCED_FACE('',(#2226),#30,.F.);
#2404=ADVANCED_FACE('',(#2227),#31,.F.);
#2405=ADVANCED_FACE('',(#2228),#32,.F.);
#2406=ADVANCED_FACE('',(#2229),#2331,.T.);
#2407=ADVANCED_FACE('',(#2230),#2332,.F.);
#2408=ADVANCED_FACE('',(#2231),#33,.T.);
#2409=ADVANCED_FACE('',(#2232),#34,.F.);
#2410=ADVANCED_FACE('',(#2233),#35,.F.);
#2411=ADVANCED_FACE('',(#2234),#36,.F.);
#2412=ADVANCED_FACE('',(#2235),#37,.T.);
#2413=ADVANCED_FACE('',(#2236),#2333,.T.);
#2414=ADVANCED_FACE('',(#2237),#2334,.T.);
#2415=ADVANCED_FACE('',(#2238),#38,.F.);
#2416=ADVANCED_FACE('',(#2239),#39,.F.);
#2417=ADVANCED_FACE('',(#2240),#40,.F.);
#2418=ADVANCED_FACE('',(#2241),#41,.T.);
#2419=ADVANCED_FACE('',(#2242),#2335,.F.);
#2420=ADVANCED_FACE('',(#2243),#2336,.T.);
#2421=ADVANCED_FACE('',(#2244),#42,.F.);
#2422=ADVANCED_FACE('',(#2245),#43,.F.);
#2423=ADVANCED_FACE('',(#2246),#44,.F.);
#2424=ADVANCED_FACE('',(#2247),#45,.T.);
#2425=ADVANCED_FACE('',(#2248),#2337,.F.);
#2426=ADVANCED_FACE('',(#2249),#2338,.T.);
#2427=ADVANCED_FACE('',(#2250),#46,.F.);
#2428=ADVANCED_FACE('',(#2251),#47,.F.);
#2429=ADVANCED_FACE('',(#2252),#48,.F.);
#2430=ADVANCED_FACE('',(#2253),#2339,.T.);
#2431=ADVANCED_FACE('',(#2254),#2340,.T.);
#2432=ADVANCED_FACE('',(#2255),#2341,.T.);
#2433=ADVANCED_FACE('',(#2256),#2342,.T.);
#2434=ADVANCED_FACE('',(#2257),#49,.F.);
#2435=ADVANCED_FACE('',(#2258),#50,.F.);
#2436=ADVANCED_FACE('',(#2259),#51,.F.);
#2437=ADVANCED_FACE('',(#2260),#52,.F.);
#2438=ADVANCED_FACE('',(#2261),#2343,.T.);
#2439=ADVANCED_FACE('',(#2262),#2344,.F.);
#2440=ADVANCED_FACE('',(#2263),#2345,.T.);
#2441=ADVANCED_FACE('',(#2264),#2346,.T.);
#2442=ADVANCED_FACE('',(#2265),#53,.F.);
#2443=ADVANCED_FACE('',(#2266),#54,.F.);
#2444=ADVANCED_FACE('',(#2267),#55,.F.);
#2445=ADVANCED_FACE('',(#2268),#56,.F.);
#2446=ADVANCED_FACE('',(#2269),#2347,.F.);
#2447=ADVANCED_FACE('',(#2270),#2348,.T.);
#2448=ADVANCED_FACE('',(#2271),#2349,.F.);
#2449=ADVANCED_FACE('',(#2272),#2350,.T.);
#2450=ADVANCED_FACE('',(#2273),#57,.F.);
#2451=ADVANCED_FACE('',(#2274),#58,.F.);
#2452=ADVANCED_FACE('',(#2275),#59,.F.);
#2453=ADVANCED_FACE('',(#2276),#60,.F.);
#2454=ADVANCED_FACE('',(#2277),#2351,.T.);
#2455=ADVANCED_FACE('',(#2278),#2352,.T.);
#2456=ADVANCED_FACE('',(#2279),#2353,.T.);
#2457=ADVANCED_FACE('',(#2280),#2354,.T.);
#2458=ADVANCED_FACE('',(#2281),#61,.F.);
#2459=ADVANCED_FACE('',(#2282),#62,.F.);
#2460=ADVANCED_FACE('',(#2283),#63,.F.);
#2461=ADVANCED_FACE('',(#2284),#64,.F.);
#2462=ADVANCED_FACE('',(#2285),#2355,.T.);
#2463=ADVANCED_FACE('',(#2286),#2356,.F.);
#2464=ADVANCED_FACE('',(#2287),#65,.T.);
#2465=ADVANCED_FACE('',(#2288),#66,.F.);
#2466=ADVANCED_FACE('',(#2289),#67,.F.);
#2467=ADVANCED_FACE('',(#2290),#68,.F.);
#2468=ADVANCED_FACE('',(#2291),#2357,.T.);
#2469=ADVANCED_FACE('',(#2292),#2358,.T.);
#2470=ADVANCED_FACE('',(#2293),#2359,.F.);
#2471=ADVANCED_FACE('',(#2294),#2360,.F.);
#2472=ADVANCED_FACE('',(#2295),#69,.F.);
#2473=ADVANCED_FACE('',(#2296),#70,.F.);
#2474=ADVANCED_FACE('',(#2297),#71,.F.);
#2475=ADVANCED_FACE('',(#2298),#72,.F.);
#2476=ADVANCED_FACE('',(#2299),#2361,.T.);
#2477=ADVANCED_FACE('',(#2300),#2362,.F.);
#2478=ADVANCED_FACE('',(#2301),#2363,.F.);
#2479=ADVANCED_FACE('',(#2302),#2364,.T.);
#2480=ADVANCED_FACE('',(#2303),#73,.F.);
#2481=ADVANCED_FACE('',(#2304),#74,.F.);
#2482=ADVANCED_FACE('',(#2305),#75,.F.);
#2483=ADVANCED_FACE('',(#2306),#76,.F.);
#2484=ADVANCED_FACE('',(#2307),#2365,.F.);
#2485=ADVANCED_FACE('',(#2308),#2366,.F.);
#2486=ADVANCED_FACE('',(#2309),#2367,.T.);
#2487=ADVANCED_FACE('',(#2310),#2368,.T.);
#2488=ADVANCED_FACE('',(#2311),#77,.F.);
#2489=ADVANCED_FACE('',(#2312),#78,.F.);
#2490=ADVANCED_FACE('',(#2313),#79,.F.);
#2491=ADVANCED_FACE('',(#2314),#80,.F.);
#2492=CLOSED_SHELL('',(#2369,#2370,#2371,#2372,#2373,#2374,#2375,#2376,
#2377,#2378,#2379,#2380,#2381,#2382,#2383,#2384,#2385,#2386,#2387,#2388,
#2389,#2390,#2391,#2392,#2393,#2394,#2395,#2396,#2397,#2398,#2399,#2400,
#2401,#2402,#2403,#2404,#2405,#2406,#2407,#2408,#2409,#2410,#2411,#2412,
#2413,#2414,#2415,#2416,#2417,#2418,#2419,#2420,#2421,#2422,#2423,#2424,
#2425,#2426,#2427,#2428,#2429,#2430,#2431,#2432,#2433,#2434,#2435,#2436,
#2437,#2438,#2439,#2440,#2441,#2442,#2443,#2444,#2445,#2446,#2447,#2448,
#2449,#2450,#2451,#2452,#2453,#2454,#2455,#2456,#2457,#2458,#2459,#2460,
#2461,#2462,#2463,#2464,#2465,#2466,#2467,#2468,#2469,#2470,#2471,#2472,
#2473,#2474,#2475,#2476,#2477,#2478,#2479,#2480,#2481,#2482,#2483,#2484,
#2485,#2486,#2487,#2488,#2489,#2490,#2491));
#2493=STYLED_ITEM('',(#2494),#2501);
#2494=PRESENTATION_STYLE_ASSIGNMENT((#2495));
#2495=SURFACE_STYLE_USAGE(.BOTH.,#2496);
#2496=SURFACE_SIDE_STYLE('',(#2497));
#2497=SURFACE_STYLE_FILL_AREA(#2498);
#2498=FILL_AREA_STYLE('',(#2499));
#2499=FILL_AREA_STYLE_COLOUR('',#2500);
#2500=COLOUR_RGB('',0.2,0.2,0.2);
#2501=MANIFOLD_SOLID_BREP('electronics cover',#2492);
#2502=SHAPE_DEFINITION_REPRESENTATION(#4240,#2503);
#2503=SHAPE_REPRESENTATION('electronics cover',(#2504),#4235);
#2504=AXIS2_PLACEMENT_3D('',#3510,#2766,#2767);
#2505=AXIS2_PLACEMENT_3D('',#3511,#2768,#2769);
#2506=AXIS2_PLACEMENT_3D('',#3512,#2770,#2771);
#2507=AXIS2_PLACEMENT_3D('',#3517,#2773,#2774);
#2508=AXIS2_PLACEMENT_3D('',#3521,#2776,#2777);
#2509=AXIS2_PLACEMENT_3D('',#3525,#2779,#2780);
#2510=AXIS2_PLACEMENT_3D('',#3531,#2783,#2784);
#2511=AXIS2_PLACEMENT_3D('',#3535,#2786,#2787);
#2512=AXIS2_PLACEMENT_3D('',#3539,#2789,#2790);
#2513=AXIS2_PLACEMENT_3D('',#3543,#2792,#2793);
#2514=AXIS2_PLACEMENT_3D('',#3544,#2794,#2795);
#2515=AXIS2_PLACEMENT_3D('',#3549,#2797,#2798);
#2516=AXIS2_PLACEMENT_3D('',#3553,#2800,#2801);
#2517=AXIS2_PLACEMENT_3D('',#3557,#2803,#2804);
#2518=AXIS2_PLACEMENT_3D('',#3560,#2806,#2807);
#2519=AXIS2_PLACEMENT_3D('',#3563,#2808,#2809);
#2520=AXIS2_PLACEMENT_3D('',#3565,#2810,#2811);
#2521=AXIS2_PLACEMENT_3D('',#3569,#2813,#2814);
#2522=AXIS2_PLACEMENT_3D('',#3572,#2816,#2817);
#2523=AXIS2_PLACEMENT_3D('',#3577,#2819,#2820);
#2524=AXIS2_PLACEMENT_3D('',#3581,#2822,#2823);
#2525=AXIS2_PLACEMENT_3D('',#3585,#2825,#2826);
#2526=AXIS2_PLACEMENT_3D('',#3591,#2829,#2830);
#2527=AXIS2_PLACEMENT_3D('',#3595,#2832,#2833);
#2528=AXIS2_PLACEMENT_3D('',#3599,#2835,#2836);
#2529=AXIS2_PLACEMENT_3D('',#3603,#2838,#2839);
#2530=AXIS2_PLACEMENT_3D('',#3604,#2840,#2841);
#2531=AXIS2_PLACEMENT_3D('',#3607,#2842,#2843);
#2532=AXIS2_PLACEMENT_3D('',#3609,#2844,#2845);
#2533=AXIS2_PLACEMENT_3D('',#3613,#2847,#2848);
#2534=AXIS2_PLACEMENT_3D('',#3616,#2850,#2851);
#2535=AXIS2_PLACEMENT_3D('',#3619,#2852,#2853);
#2536=AXIS2_PLACEMENT_3D('',#3621,#2854,#2855);
#2537=AXIS2_PLACEMENT_3D('',#3625,#2857,#2858);
#2538=AXIS2_PLACEMENT_3D('',#3628,#2860,#2861);
#2539=AXIS2_PLACEMENT_3D('',#3631,#2862,#2863);
#2540=AXIS2_PLACEMENT_3D('',#3633,#2864,#2865);
#2541=AXIS2_PLACEMENT_3D('',#3637,#2867,#2868);
#2542=AXIS2_PLACEMENT_3D('',#3640,#2870,#2871);
#2543=AXIS2_PLACEMENT_3D('',#3643,#2872,#2873);
#2544=AXIS2_PLACEMENT_3D('',#3645,#2874,#2875);
#2545=AXIS2_PLACEMENT_3D('',#3649,#2877,#2878);
#2546=AXIS2_PLACEMENT_3D('',#3652,#2880,#2881);
#2547=AXIS2_PLACEMENT_3D('',#3655,#2882,#2883);
#2548=AXIS2_PLACEMENT_3D('',#3657,#2884,#2885);
#2549=AXIS2_PLACEMENT_3D('',#3661,#2887,#2888);
#2550=AXIS2_PLACEMENT_3D('',#3667,#2891,#2892);
#2551=AXIS2_PLACEMENT_3D('',#3671,#2894,#2895);
#2552=AXIS2_PLACEMENT_3D('',#3675,#2897,#2898);
#2553=AXIS2_PLACEMENT_3D('',#3679,#2900,#2901);
#2554=AXIS2_PLACEMENT_3D('',#3688,#2906,#2907);
#2555=AXIS2_PLACEMENT_3D('',#3690,#2908,#2909);
#2556=AXIS2_PLACEMENT_3D('',#3692,#2910,#2911);
#2557=AXIS2_PLACEMENT_3D('',#3694,#2912,#2913);
#2558=AXIS2_PLACEMENT_3D('',#3696,#2914,#2915);
#2559=AXIS2_PLACEMENT_3D('',#3698,#2916,#2917);
#2560=AXIS2_PLACEMENT_3D('',#3701,#2918,#2919);
#2561=AXIS2_PLACEMENT_3D('',#3703,#2920,#2921);
#2562=AXIS2_PLACEMENT_3D('',#3707,#2923,#2924);
#2563=AXIS2_PLACEMENT_3D('',#3710,#2926,#2927);
#2564=AXIS2_PLACEMENT_3D('',#3713,#2928,#2929);
#2565=AXIS2_PLACEMENT_3D('',#3715,#2930,#2931);
#2566=AXIS2_PLACEMENT_3D('',#3719,#2933,#2934);
#2567=AXIS2_PLACEMENT_3D('',#3722,#2936,#2937);
#2568=AXIS2_PLACEMENT_3D('',#3727,#2939,#2940);
#2569=AXIS2_PLACEMENT_3D('',#3731,#2942,#2943);
#2570=AXIS2_PLACEMENT_3D('',#3735,#2945,#2946);
#2571=AXIS2_PLACEMENT_3D('',#3738,#2948,#2949);
#2572=AXIS2_PLACEMENT_3D('',#3743,#2951,#2952);
#2573=AXIS2_PLACEMENT_3D('',#3747,#2954,#2955);
#2574=AXIS2_PLACEMENT_3D('',#3751,#2957,#2958);
#2575=AXIS2_PLACEMENT_3D('',#3754,#2960,#2961);
#2576=AXIS2_PLACEMENT_3D('',#3758,#2963,#2964);
#2577=AXIS2_PLACEMENT_3D('',#3762,#2966,#2967);
#2578=AXIS2_PLACEMENT_3D('',#3766,#2969,#2970);
#2579=AXIS2_PLACEMENT_3D('',#3770,#2972,#2973);
#2580=AXIS2_PLACEMENT_3D('',#3774,#2975,#2976);
#2581=AXIS2_PLACEMENT_3D('',#3778,#2978,#2979);
#2582=AXIS2_PLACEMENT_3D('',#3782,#2981,#2982);
#2583=AXIS2_PLACEMENT_3D('',#3786,#2984,#2985);
#2584=AXIS2_PLACEMENT_3D('',#3790,#2987,#2988);
#2585=AXIS2_PLACEMENT_3D('',#3794,#2990,#2991);
#2586=AXIS2_PLACEMENT_3D('',#3798,#2993,#2994);
#2587=AXIS2_PLACEMENT_3D('',#3802,#2996,#2997);
#2588=AXIS2_PLACEMENT_3D('',#3803,#2998,#2999);
#2589=AXIS2_PLACEMENT_3D('',#3806,#3000,#3001);
#2590=AXIS2_PLACEMENT_3D('',#3810,#3003,#3004);
#2591=AXIS2_PLACEMENT_3D('',#3814,#3006,#3007);
#2592=AXIS2_PLACEMENT_3D('',#3815,#3008,#3009);
#2593=AXIS2_PLACEMENT_3D('',#3818,#3010,#3011);
#2594=AXIS2_PLACEMENT_3D('',#3822,#3013,#3014);
#2595=AXIS2_PLACEMENT_3D('',#3826,#3016,#3017);
#2596=AXIS2_PLACEMENT_3D('',#3827,#3018,#3019);
#2597=AXIS2_PLACEMENT_3D('',#3830,#3020,#3021);
#2598=AXIS2_PLACEMENT_3D('',#3834,#3023,#3024);
#2599=AXIS2_PLACEMENT_3D('',#3838,#3026,#3027);
#2600=AXIS2_PLACEMENT_3D('',#3839,#3028,#3029);
#2601=AXIS2_PLACEMENT_3D('',#3842,#3030,#3031);
#2602=AXIS2_PLACEMENT_3D('',#3846,#3033,#3034);
#2603=AXIS2_PLACEMENT_3D('',#3850,#3036,#3037);
#2604=AXIS2_PLACEMENT_3D('',#3854,#3039,#3040);
#2605=AXIS2_PLACEMENT_3D('',#3858,#3042,#3043);
#2606=AXIS2_PLACEMENT_3D('',#3862,#3045,#3046);
#2607=AXIS2_PLACEMENT_3D('',#3866,#3048,#3049);
#2608=AXIS2_PLACEMENT_3D('',#3867,#3050,#3051);
#2609=AXIS2_PLACEMENT_3D('',#3869,#3052,#3053);
#2610=AXIS2_PLACEMENT_3D('',#3871,#3054,#3055);
#2611=AXIS2_PLACEMENT_3D('',#3873,#3056,#3057);
#2612=AXIS2_PLACEMENT_3D('',#3875,#3058,#3059);
#2613=AXIS2_PLACEMENT_3D('',#3885,#3064,#3065);
#2614=AXIS2_PLACEMENT_3D('',#3888,#3066,#3067);
#2615=AXIS2_PLACEMENT_3D('',#3892,#3069,#3070);
#2616=AXIS2_PLACEMENT_3D('',#3896,#3072,#3073);
#2617=AXIS2_PLACEMENT_3D('',#3897,#3074,#3075);
#2618=AXIS2_PLACEMENT_3D('',#3900,#3076,#3077);
#2619=AXIS2_PLACEMENT_3D('',#3904,#3079,#3080);
#2620=AXIS2_PLACEMENT_3D('',#3908,#3082,#3083);
#2621=AXIS2_PLACEMENT_3D('',#3909,#3084,#3085);
#2622=AXIS2_PLACEMENT_3D('',#3912,#3086,#3087);
#2623=AXIS2_PLACEMENT_3D('',#3916,#3089,#3090);
#2624=AXIS2_PLACEMENT_3D('',#3920,#3092,#3093);
#2625=AXIS2_PLACEMENT_3D('',#3924,#3095,#3096);
#2626=AXIS2_PLACEMENT_3D('',#3928,#3098,#3099);
#2627=AXIS2_PLACEMENT_3D('',#3932,#3101,#3102);
#2628=AXIS2_PLACEMENT_3D('',#3936,#3104,#3105);
#2629=AXIS2_PLACEMENT_3D('',#3940,#3107,#3108);
#2630=AXIS2_PLACEMENT_3D('',#3944,#3110,#3111);
#2631=AXIS2_PLACEMENT_3D('',#3948,#3113,#3114);
#2632=AXIS2_PLACEMENT_3D('',#3952,#3116,#3117);
#2633=AXIS2_PLACEMENT_3D('',#3956,#3119,#3120);
#2634=AXIS2_PLACEMENT_3D('',#3960,#3122,#3123);
#2635=AXIS2_PLACEMENT_3D('',#3964,#3125,#3126);
#2636=AXIS2_PLACEMENT_3D('',#3968,#3128,#3129);
#2637=AXIS2_PLACEMENT_3D('',#3972,#3131,#3132);
#2638=AXIS2_PLACEMENT_3D('',#3976,#3134,#3135);
#2639=AXIS2_PLACEMENT_3D('',#3980,#3137,#3138);
#2640=AXIS2_PLACEMENT_3D('',#3984,#3140,#3141);
#2641=AXIS2_PLACEMENT_3D('',#3985,#3142,#3143);
#2642=AXIS2_PLACEMENT_3D('',#3988,#3144,#3145);
#2643=AXIS2_PLACEMENT_3D('',#3992,#3147,#3148);
#2644=AXIS2_PLACEMENT_3D('',#3996,#3150,#3151);
#2645=AXIS2_PLACEMENT_3D('',#3997,#3152,#3153);
#2646=AXIS2_PLACEMENT_3D('',#4000,#3156,#3157);
#2647=AXIS2_PLACEMENT_3D('',#4002,#3159,#3160);
#2648=AXIS2_PLACEMENT_3D('',#4004,#3162,#3163);
#2649=AXIS2_PLACEMENT_3D('',#4005,#3164,#3165);
#2650=AXIS2_PLACEMENT_3D('',#4006,#3166,#3167);
#2651=AXIS2_PLACEMENT_3D('',#4007,#3168,#3169);
#2652=AXIS2_PLACEMENT_3D('',#4008,#3170,#3171);
#2653=AXIS2_PLACEMENT_3D('',#4009,#3172,#3173);
#2654=AXIS2_PLACEMENT_3D('',#4010,#3174,#3175);
#2655=AXIS2_PLACEMENT_3D('',#4013,#3178,#3179);
#2656=AXIS2_PLACEMENT_3D('',#4016,#3182,#3183);
#2657=AXIS2_PLACEMENT_3D('',#4019,#3186,#3187);
#2658=AXIS2_PLACEMENT_3D('',#4022,#3190,#3191);
#2659=AXIS2_PLACEMENT_3D('',#4023,#3192,#3193);
#2660=AXIS2_PLACEMENT_3D('',#4024,#3194,#3195);
#2661=AXIS2_PLACEMENT_3D('',#4025,#3196,#3197);
#2662=AXIS2_PLACEMENT_3D('',#4026,#3198,#3199);
#2663=AXIS2_PLACEMENT_3D('',#4029,#3202,#3203);
#2664=AXIS2_PLACEMENT_3D('',#4032,#3206,#3207);
#2665=AXIS2_PLACEMENT_3D('',#4035,#3210,#3211);
#2666=AXIS2_PLACEMENT_3D('',#4036,#3212,#3213);
#2667=AXIS2_PLACEMENT_3D('',#4037,#3214,#3215);
#2668=AXIS2_PLACEMENT_3D('',#4038,#3216,#3217);
#2669=AXIS2_PLACEMENT_3D('',#4041,#3220,#3221);
#2670=AXIS2_PLACEMENT_3D('',#4044,#3224,#3225);
#2671=AXIS2_PLACEMENT_3D('',#4047,#3228,#3229);
#2672=AXIS2_PLACEMENT_3D('',#4048,#3230,#3231);
#2673=AXIS2_PLACEMENT_3D('',#4049,#3232,#3233);
#2674=AXIS2_PLACEMENT_3D('',#4050,#3234,#3235);
#2675=AXIS2_PLACEMENT_3D('',#4053,#3238,#3239);
#2676=AXIS2_PLACEMENT_3D('',#4056,#3242,#3243);
#2677=AXIS2_PLACEMENT_3D('',#4059,#3246,#3247);
#2678=AXIS2_PLACEMENT_3D('',#4060,#3248,#3249);
#2679=AXIS2_PLACEMENT_3D('',#4061,#3250,#3251);
#2680=AXIS2_PLACEMENT_3D('',#4062,#3252,#3253);
#2681=AXIS2_PLACEMENT_3D('',#4065,#3256,#3257);
#2682=AXIS2_PLACEMENT_3D('',#4068,#3260,#3261);
#2683=AXIS2_PLACEMENT_3D('',#4071,#3264,#3265);
#2684=AXIS2_PLACEMENT_3D('',#4072,#3266,#3267);
#2685=AXIS2_PLACEMENT_3D('',#4073,#3268,#3269);
#2686=AXIS2_PLACEMENT_3D('',#4074,#3270,#3271);
#2687=AXIS2_PLACEMENT_3D('',#4077,#3274,#3275);
#2688=AXIS2_PLACEMENT_3D('',#4080,#3278,#3279);
#2689=AXIS2_PLACEMENT_3D('',#4083,#3282,#3283);
#2690=AXIS2_PLACEMENT_3D('',#4084,#3284,#3285);
#2691=AXIS2_PLACEMENT_3D('',#4085,#3286,#3287);
#2692=AXIS2_PLACEMENT_3D('',#4086,#3288,#3289);
#2693=AXIS2_PLACEMENT_3D('',#4089,#3292,#3293);
#2694=AXIS2_PLACEMENT_3D('',#4092,#3296,#3297);
#2695=AXIS2_PLACEMENT_3D('',#4095,#3300,#3301);
#2696=AXIS2_PLACEMENT_3D('',#4096,#3302,#3303);
#2697=AXIS2_PLACEMENT_3D('',#4097,#3304,#3305);
#2698=AXIS2_PLACEMENT_3D('',#4098,#3306,#3307);
#2699=AXIS2_PLACEMENT_3D('',#4101,#3310,#3311);
#2700=AXIS2_PLACEMENT_3D('',#4104,#3314,#3315);
#2701=AXIS2_PLACEMENT_3D('',#4107,#3318,#3319);
#2702=AXIS2_PLACEMENT_3D('',#4108,#3320,#3321);
#2703=AXIS2_PLACEMENT_3D('',#4109,#3322,#3323);
#2704=AXIS2_PLACEMENT_3D('',#4110,#3324,#3325);
#2705=AXIS2_PLACEMENT_3D('',#4113,#3328,#3329);
#2706=AXIS2_PLACEMENT_3D('',#4116,#3332,#3333);
#2707=AXIS2_PLACEMENT_3D('',#4119,#3336,#3337);
#2708=AXIS2_PLACEMENT_3D('',#4122,#3340,#3341);
#2709=AXIS2_PLACEMENT_3D('',#4123,#3342,#3343);
#2710=AXIS2_PLACEMENT_3D('',#4124,#3344,#3345);
#2711=AXIS2_PLACEMENT_3D('',#4125,#3346,#3347);
#2712=AXIS2_PLACEMENT_3D('',#4126,#3348,#3349);
#2713=AXIS2_PLACEMENT_3D('',#4129,#3352,#3353);
#2714=AXIS2_PLACEMENT_3D('',#4132,#3356,#3357);
#2715=AXIS2_PLACEMENT_3D('',#4135,#3360,#3361);
#2716=AXIS2_PLACEMENT_3D('',#4138,#3364,#3365);
#2717=AXIS2_PLACEMENT_3D('',#4139,#3366,#3367);
#2718=AXIS2_PLACEMENT_3D('',#4140,#3368,#3369);
#2719=AXIS2_PLACEMENT_3D('',#4141,#3370,#3371);
#2720=AXIS2_PLACEMENT_3D('',#4142,#3372,#3373);
#2721=AXIS2_PLACEMENT_3D('',#4145,#3376,#3377);
#2722=AXIS2_PLACEMENT_3D('',#4148,#3380,#3381);
#2723=AXIS2_PLACEMENT_3D('',#4151,#3384,#3385);
#2724=AXIS2_PLACEMENT_3D('',#4154,#3388,#3389);
#2725=AXIS2_PLACEMENT_3D('',#4155,#3390,#3391);
#2726=AXIS2_PLACEMENT_3D('',#4156,#3392,#3393);
#2727=AXIS2_PLACEMENT_3D('',#4157,#3394,#3395);
#2728=AXIS2_PLACEMENT_3D('',#4158,#3396,#3397);
#2729=AXIS2_PLACEMENT_3D('',#4161,#3400,#3401);
#2730=AXIS2_PLACEMENT_3D('',#4164,#3404,#3405);
#2731=AXIS2_PLACEMENT_3D('',#4167,#3408,#3409);
#2732=AXIS2_PLACEMENT_3D('',#4170,#3412,#3413);
#2733=AXIS2_PLACEMENT_3D('',#4171,#3414,#3415);
#2734=AXIS2_PLACEMENT_3D('',#4172,#3416,#3417);
#2735=AXIS2_PLACEMENT_3D('',#4173,#3418,#3419);
#2736=AXIS2_PLACEMENT_3D('',#4174,#3420,#3421);
#2737=AXIS2_PLACEMENT_3D('',#4177,#3424,#3425);
#2738=AXIS2_PLACEMENT_3D('',#4180,#3428,#3429);
#2739=AXIS2_PLACEMENT_3D('',#4183,#3432,#3433);
#2740=AXIS2_PLACEMENT_3D('',#4184,#3434,#3435);
#2741=AXIS2_PLACEMENT_3D('',#4185,#3436,#3437);
#2742=AXIS2_PLACEMENT_3D('',#4186,#3438,#3439);
#2743=AXIS2_PLACEMENT_3D('',#4189,#3442,#3443);
#2744=AXIS2_PLACEMENT_3D('',#4192,#3446,#3447);
#2745=AXIS2_PLACEMENT_3D('',#4195,#3450,#3451);
#2746=AXIS2_PLACEMENT_3D('',#4198,#3454,#3455);
#2747=AXIS2_PLACEMENT_3D('',#4199,#3456,#3457);
#2748=AXIS2_PLACEMENT_3D('',#4200,#3458,#3459);
#2749=AXIS2_PLACEMENT_3D('',#4201,#3460,#3461);
#2750=AXIS2_PLACEMENT_3D('',#4202,#3462,#3463);
#2751=AXIS2_PLACEMENT_3D('',#4205,#3466,#3467);
#2752=AXIS2_PLACEMENT_3D('',#4208,#3470,#3471);
#2753=AXIS2_PLACEMENT_3D('',#4211,#3474,#3475);
#2754=AXIS2_PLACEMENT_3D('',#4214,#3478,#3479);
#2755=AXIS2_PLACEMENT_3D('',#4215,#3480,#3481);
#2756=AXIS2_PLACEMENT_3D('',#4216,#3482,#3483);
#2757=AXIS2_PLACEMENT_3D('',#4217,#3484,#3485);
#2758=AXIS2_PLACEMENT_3D('',#4218,#3486,#3487);
#2759=AXIS2_PLACEMENT_3D('',#4221,#3490,#3491);
#2760=AXIS2_PLACEMENT_3D('',#4224,#3494,#3495);
#2761=AXIS2_PLACEMENT_3D('',#4227,#3498,#3499);
#2762=AXIS2_PLACEMENT_3D('',#4230,#3502,#3503);
#2763=AXIS2_PLACEMENT_3D('',#4231,#3504,#3505);
#2764=AXIS2_PLACEMENT_3D('',#4232,#3506,#3507);
#2765=AXIS2_PLACEMENT_3D('',#4233,#3508,#3509);
#2766=DIRECTION('',(0.,0.,1.));
#2767=DIRECTION('',(1.,0.,0.));
#2768=DIRECTION('',(0.,0.,1.));
#2769=DIRECTION('',(1.,0.,0.));
#2770=DIRECTION('',(0.,0.,1.));
#2771=DIRECTION('',(1.,0.,0.));
#2772=DIRECTION('',(1.,0.,0.));
#2773=DIRECTION('',(0.,0.,1.));
#2774=DIRECTION('',(1.,0.,0.));
#2775=DIRECTION('',(0.,1.,0.));
#2776=DIRECTION('',(0.,0.,1.));
#2777=DIRECTION('',(1.,0.,0.));
#2778=DIRECTION('',(1.,0.,0.));
#2779=DIRECTION('',(0.,0.,1.));
#2780=DIRECTION('',(1.,0.,0.));
#2781=DIRECTION('',(0.707106781186547,0.707106781186548,0.));
#2782=DIRECTION('',(1.,0.,0.));
#2783=DIRECTION('',(0.,0.,1.));
#2784=DIRECTION('',(1.,0.,0.));
#2785=DIRECTION('',(-0.707106781186548,0.707106781186548,0.));
#2786=DIRECTION('',(0.,0.,1.));
#2787=DIRECTION('',(1.,0.,0.));
#2788=DIRECTION('',(1.,0.,0.));
#2789=DIRECTION('',(0.,0.,1.));
#2790=DIRECTION('',(1.,0.,0.));
#2791=DIRECTION('',(0.,1.,0.));
#2792=DIRECTION('',(0.,0.,1.));
#2793=DIRECTION('',(1.,0.,0.));
#2794=DIRECTION('',(0.,0.,1.));
#2795=DIRECTION('',(1.,0.,0.));
#2796=DIRECTION('',(-0.707106781186548,0.707106781186548,0.));
#2797=DIRECTION('',(0.,0.,1.));
#2798=DIRECTION('',(1.,0.,0.));
#2799=DIRECTION('',(-1.89242561015651E-16,1.,0.));
#2800=DIRECTION('',(0.,0.,1.));
#2801=DIRECTION('',(1.,0.,0.));
#2802=DIRECTION('',(-1.,-1.11022302462516E-16,0.));
#2803=DIRECTION('',(0.,0.,1.));
#2804=DIRECTION('',(1.,0.,0.));
#2805=DIRECTION('',(0.,1.,0.));
#2806=DIRECTION('',(0.,0.,1.));
#2807=DIRECTION('',(1.,0.,0.));
#2808=DIRECTION('',(0.,0.,1.));
#2809=DIRECTION('',(1.,0.,0.));
#2810=DIRECTION('',(0.,0.,1.));
#2811=DIRECTION('',(1.,0.,0.));
#2812=DIRECTION('',(0.707106781186548,0.707106781186548,0.));
#2813=DIRECTION('',(0.,0.,1.));
#2814=DIRECTION('',(1.,0.,0.));
#2815=DIRECTION('',(-1.89242561015651E-16,1.,0.));
#2816=DIRECTION('',(0.,0.,1.));
#2817=DIRECTION('',(1.,0.,0.));
#2818=DIRECTION('',(1.,0.,0.));
#2819=DIRECTION('',(0.,0.,1.));
#2820=DIRECTION('',(1.,0.,0.));
#2821=DIRECTION('',(1.11022302462516E-16,-1.,0.));
#2822=DIRECTION('',(0.,0.,1.));
#2823=DIRECTION('',(1.,0.,0.));
#2824=DIRECTION('',(-1.,0.,0.));
#2825=DIRECTION('',(0.,0.,1.));
#2826=DIRECTION('',(1.,0.,0.));
#2827=DIRECTION('',(0.707106781186548,0.707106781186548,0.));
#2828=DIRECTION('',(-1.,0.,0.));
#2829=DIRECTION('',(0.,0.,1.));
#2830=DIRECTION('',(1.,0.,0.));
#2831=DIRECTION('',(0.,-1.,0.));
#2832=DIRECTION('',(0.,0.,1.));
#2833=DIRECTION('',(1.,0.,0.));
#2834=DIRECTION('',(-0.707106781186548,0.707106781186548,0.));
#2835=DIRECTION('',(0.,0.,1.));
#2836=DIRECTION('',(1.,0.,0.));
#2837=DIRECTION('',(-1.89242561015651E-16,1.,0.));
#2838=DIRECTION('',(0.,0.,1.));
#2839=DIRECTION('',(1.,0.,0.));
#2840=DIRECTION('',(0.,0.,1.));
#2841=DIRECTION('',(1.,0.,0.));
#2842=DIRECTION('',(0.,0.,1.));
#2843=DIRECTION('',(1.,0.,0.));
#2844=DIRECTION('',(0.,0.,1.));
#2845=DIRECTION('',(1.,0.,0.));
#2846=DIRECTION('',(1.,0.,0.));
#2847=DIRECTION('',(0.,0.,1.));
#2848=DIRECTION('',(1.,0.,0.));
#2849=DIRECTION('',(0.707106781186548,0.707106781186548,0.));
#2850=DIRECTION('',(0.,0.,1.));
#2851=DIRECTION('',(1.,0.,0.));
#2852=DIRECTION('',(0.,0.,1.));
#2853=DIRECTION('',(1.,0.,0.));
#2854=DIRECTION('',(0.,0.,1.));
#2855=DIRECTION('',(1.,0.,0.));
#2856=DIRECTION('',(-1.89242561015651E-16,1.,0.));
#2857=DIRECTION('',(0.,0.,1.));
#2858=DIRECTION('',(1.,0.,0.));
#2859=DIRECTION('',(-0.707106781186548,0.707106781186548,0.));
#2860=DIRECTION('',(0.,0.,1.));
#2861=DIRECTION('',(1.,0.,0.));
#2862=DIRECTION('',(0.,0.,1.));
#2863=DIRECTION('',(1.,0.,0.));
#2864=DIRECTION('',(0.,0.,1.));
#2865=DIRECTION('',(1.,0.,0.));
#2866=DIRECTION('',(1.,0.,0.));
#2867=DIRECTION('',(0.,0.,1.));
#2868=DIRECTION('',(1.,0.,0.));
#2869=DIRECTION('',(0.707106781186548,0.707106781186548,0.));
#2870=DIRECTION('',(0.,0.,1.));
#2871=DIRECTION('',(1.,0.,0.));
#2872=DIRECTION('',(0.,0.,1.));
#2873=DIRECTION('',(1.,0.,0.));
#2874=DIRECTION('',(0.,0.,1.));
#2875=DIRECTION('',(1.,0.,0.));
#2876=DIRECTION('',(-0.707106781186548,0.707106781186548,0.));
#2877=DIRECTION('',(0.,0.,1.));
#2878=DIRECTION('',(1.,0.,0.));
#2879=DIRECTION('',(1.,0.,0.));
#2880=DIRECTION('',(0.,0.,1.));
#2881=DIRECTION('',(1.,0.,0.));
#2882=DIRECTION('',(0.,0.,1.));
#2883=DIRECTION('',(1.,0.,0.));
#2884=DIRECTION('',(0.,0.,1.));
#2885=DIRECTION('',(1.,0.,0.));
#2886=DIRECTION('',(-1.89242561015651E-16,1.,0.));
#2887=DIRECTION('',(0.,0.,1.));
#2888=DIRECTION('',(1.,0.,0.));
#2889=DIRECTION('',(-0.707106781186548,0.707106781186548,0.));
#2890=DIRECTION('',(-1.89242561015651E-16,1.,0.));
#2891=DIRECTION('',(0.,0.,1.));
#2892=DIRECTION('',(1.,0.,0.));
#2893=DIRECTION('',(0.707106781186548,0.707106781186548,0.));
#2894=DIRECTION('',(0.,0.,1.));
#2895=DIRECTION('',(1.,0.,0.));
#2896=DIRECTION('',(0.,1.,0.));
#2897=DIRECTION('',(0.,0.,1.));
#2898=DIRECTION('',(1.,0.,0.));
#2899=DIRECTION('',(-1.,-1.11022302462516E-16,0.));
#2900=DIRECTION('',(0.,0.,1.));
#2901=DIRECTION('',(1.,0.,0.));
#2902=DIRECTION('',(-1.,0.,0.));
#2903=DIRECTION('',(0.,-1.,0.));
#2904=DIRECTION('',(1.,0.,0.));
#2905=DIRECTION('',(0.,1.,0.));
#2906=DIRECTION('',(0.,0.,1.));
#2907=DIRECTION('',(1.,0.,0.));
#2908=DIRECTION('',(0.,0.,1.));
#2909=DIRECTION('',(1.,0.,0.));
#2910=DIRECTION('',(0.,0.,1.));
#2911=DIRECTION('',(1.,0.,0.));
#2912=DIRECTION('',(0.,0.,1.));
#2913=DIRECTION('',(1.,0.,0.));
#2914=DIRECTION('',(0.,0.,1.));
#2915=DIRECTION('',(1.,0.,0.));
#2916=DIRECTION('',(0.,0.,1.));
#2917=DIRECTION('',(1.,0.,0.));
#2918=DIRECTION('',(0.,0.,1.));
#2919=DIRECTION('',(1.,0.,0.));
#2920=DIRECTION('',(0.,0.,1.));
#2921=DIRECTION('',(1.,0.,0.));
#2922=DIRECTION('',(0.707106781186548,0.707106781186548,0.));
#2923=DIRECTION('',(0.,0.,1.));
#2924=DIRECTION('',(1.,0.,0.));
#2925=DIRECTION('',(-1.89242561015651E-16,1.,0.));
#2926=DIRECTION('',(0.,0.,1.));
#2927=DIRECTION('',(1.,0.,0.));
#2928=DIRECTION('',(0.,0.,1.));
#2929=DIRECTION('',(1.,0.,0.));
#2930=DIRECTION('',(0.,0.,1.));
#2931=DIRECTION('',(1.,0.,0.));
#2932=DIRECTION('',(-0.707106781186548,0.707106781186548,0.));
#2933=DIRECTION('',(0.,0.,1.));
#2934=DIRECTION('',(1.,0.,0.));
#2935=DIRECTION('',(1.,0.,0.));
#2936=DIRECTION('',(0.,0.,1.));
#2937=DIRECTION('',(1.,0.,0.));
#2938=DIRECTION('',(-1.89242561015651E-16,1.,0.));
#2939=DIRECTION('',(0.,0.,1.));
#2940=DIRECTION('',(1.,0.,0.));
#2941=DIRECTION('',(0.707106781186547,0.707106781186548,0.));
#2942=DIRECTION('',(0.,0.,1.));
#2943=DIRECTION('',(1.,0.,0.));
#2944=DIRECTION('',(0.,-1.,0.));
#2945=DIRECTION('',(0.,0.,1.));
#2946=DIRECTION('',(1.,0.,0.));
#2947=DIRECTION('',(-1.,0.,0.));
#2948=DIRECTION('',(0.,0.,1.));
#2949=DIRECTION('',(1.,0.,0.));
#2950=DIRECTION('',(1.,0.,0.));
#2951=DIRECTION('',(0.,0.,1.));
#2952=DIRECTION('',(1.,0.,0.));
#2953=DIRECTION('',(-0.707106781186548,0.707106781186548,0.));
#2954=DIRECTION('',(0.,0.,1.));
#2955=DIRECTION('',(1.,0.,0.));
#2956=DIRECTION('',(-1.,0.,0.));
#2957=DIRECTION('',(0.,0.,1.));
#2958=DIRECTION('',(1.,0.,0.));
#2959=DIRECTION('',(1.11022302462516E-16,-1.,0.));
#2960=DIRECTION('',(0.,0.,1.));
#2961=DIRECTION('',(1.,0.,0.));
#2962=DIRECTION('',(0.,1.,0.));
#2963=DIRECTION('',(0.,0.,1.));
#2964=DIRECTION('',(1.,0.,0.));
#2965=DIRECTION('',(1.,0.,0.));
#2966=DIRECTION('',(0.,0.,1.));
#2967=DIRECTION('',(1.,0.,0.));
#2968=DIRECTION('',(0.707106781186547,0.707106781186548,0.));
#2969=DIRECTION('',(0.,0.,1.));
#2970=DIRECTION('',(1.,0.,0.));
#2971=DIRECTION('',(1.,0.,0.));
#2972=DIRECTION('',(0.,0.,1.));
#2973=DIRECTION('',(1.,0.,0.));
#2974=DIRECTION('',(1.,0.,0.));
#2975=DIRECTION('',(0.,0.,1.));
#2976=DIRECTION('',(1.,0.,0.));
#2977=DIRECTION('',(0.,1.,0.));
#2978=DIRECTION('',(0.,0.,1.));
#2979=DIRECTION('',(1.,0.,0.));
#2980=DIRECTION('',(1.,0.,0.));
#2981=DIRECTION('',(0.,0.,1.));
#2982=DIRECTION('',(1.,0.,0.));
#2983=DIRECTION('',(-0.707106781186548,0.707106781186548,0.));
#2984=DIRECTION('',(0.,0.,1.));
#2985=DIRECTION('',(1.,0.,0.));
#2986=DIRECTION('',(-1.89242561015651E-16,1.,0.));
#2987=DIRECTION('',(0.,0.,1.));
#2988=DIRECTION('',(1.,0.,0.));
#2989=DIRECTION('',(-0.707106781186548,0.707106781186548,0.));
#2990=DIRECTION('',(0.,0.,1.));
#2991=DIRECTION('',(1.,0.,0.));
#2992=DIRECTION('',(0.,1.,0.));
#2993=DIRECTION('',(0.,0.,1.));
#2994=DIRECTION('',(1.,0.,0.));
#2995=DIRECTION('',(-1.,-1.11022302462516E-16,0.));
#2996=DIRECTION('',(0.,0.,1.));
#2997=DIRECTION('',(1.,0.,0.));
#2998=DIRECTION('',(0.,0.,1.));
#2999=DIRECTION('',(1.,0.,0.));
#3000=DIRECTION('',(0.,0.,1.));
#3001=DIRECTION('',(1.,0.,0.));
#3002=DIRECTION('',(0.707106781186548,0.707106781186548,0.));
#3003=DIRECTION('',(0.,0.,1.));
#3004=DIRECTION('',(1.,0.,0.));
#3005=DIRECTION('',(1.,0.,0.));
#3006=DIRECTION('',(0.,0.,1.));
#3007=DIRECTION('',(1.,0.,0.));
#3008=DIRECTION('',(0.,0.,1.));
#3009=DIRECTION('',(1.,0.,0.));
#3010=DIRECTION('',(0.,0.,1.));
#3011=DIRECTION('',(1.,0.,0.));
#3012=DIRECTION('',(1.,0.,0.));
#3013=DIRECTION('',(0.,0.,1.));
#3014=DIRECTION('',(1.,0.,0.));
#3015=DIRECTION('',(-0.707106781186548,0.707106781186548,0.));
#3016=DIRECTION('',(0.,0.,1.));
#3017=DIRECTION('',(1.,0.,0.));
#3018=DIRECTION('',(0.,0.,1.));
#3019=DIRECTION('',(1.,0.,0.));
#3020=DIRECTION('',(0.,0.,1.));
#3021=DIRECTION('',(1.,0.,0.));
#3022=DIRECTION('',(1.,0.,0.));
#3023=DIRECTION('',(0.,0.,1.));
#3024=DIRECTION('',(1.,0.,0.));
#3025=DIRECTION('',(-0.707106781186548,0.707106781186548,0.));
#3026=DIRECTION('',(0.,0.,1.));
#3027=DIRECTION('',(1.,0.,0.));
#3028=DIRECTION('',(0.,0.,1.));
#3029=DIRECTION('',(1.,0.,0.));
#3030=DIRECTION('',(0.,0.,1.));
#3031=DIRECTION('',(1.,0.,0.));
#3032=DIRECTION('',(-1.89242561015651E-16,1.,0.));
#3033=DIRECTION('',(0.,0.,1.));
#3034=DIRECTION('',(1.,0.,0.));
#3035=DIRECTION('',(0.707106781186548,0.707106781186548,0.));
#3036=DIRECTION('',(0.,0.,1.));
#3037=DIRECTION('',(1.,0.,0.));
#3038=DIRECTION('',(-1.89242561015651E-16,1.,0.));
#3039=DIRECTION('',(0.,0.,1.));
#3040=DIRECTION('',(1.,0.,0.));
#3041=DIRECTION('',(-1.,-1.11022302462516E-16,0.));
#3042=DIRECTION('',(0.,0.,1.));
#3043=DIRECTION('',(1.,0.,0.));
#3044=DIRECTION('',(0.,1.,0.));
#3045=DIRECTION('',(0.,0.,1.));
#3046=DIRECTION('',(1.,0.,0.));
#3047=DIRECTION('',(0.707106781186548,0.707106781186548,0.));
#3048=DIRECTION('',(0.,0.,1.));
#3049=DIRECTION('',(1.,0.,0.));
#3050=DIRECTION('',(0.,0.,1.));
#3051=DIRECTION('',(1.,0.,0.));
#3052=DIRECTION('',(0.,0.,1.));
#3053=DIRECTION('',(1.,0.,0.));
#3054=DIRECTION('',(0.,0.,1.));
#3055=DIRECTION('',(1.,0.,0.));
#3056=DIRECTION('',(0.,0.,1.));
#3057=DIRECTION('',(1.,0.,0.));
#3058=DIRECTION('',(0.,0.,1.));
#3059=DIRECTION('',(1.,0.,0.));
#3060=DIRECTION('',(0.,-1.,0.));
#3061=DIRECTION('',(-1.,0.,0.));
#3062=DIRECTION('',(0.,1.,0.));
#3063=DIRECTION('',(1.,0.,0.));
#3064=DIRECTION('',(0.,0.,1.));
#3065=DIRECTION('',(1.,0.,0.));
#3066=DIRECTION('',(0.,0.,1.));
#3067=DIRECTION('',(1.,0.,0.));
#3068=DIRECTION('',(-0.707106781186548,0.707106781186548,0.));
#3069=DIRECTION('',(0.,0.,1.));
#3070=DIRECTION('',(1.,0.,0.));
#3071=DIRECTION('',(-1.89242561015651E-16,1.,0.));
#3072=DIRECTION('',(0.,0.,1.));
#3073=DIRECTION('',(1.,0.,0.));
#3074=DIRECTION('',(0.,0.,1.));
#3075=DIRECTION('',(1.,0.,0.));
#3076=DIRECTION('',(0.,0.,1.));
#3077=DIRECTION('',(1.,0.,0.));
#3078=DIRECTION('',(0.707106781186548,0.707106781186548,0.));
#3079=DIRECTION('',(0.,0.,1.));
#3080=DIRECTION('',(1.,0.,0.));
#3081=DIRECTION('',(1.,0.,0.));
#3082=DIRECTION('',(0.,0.,1.));
#3083=DIRECTION('',(1.,0.,0.));
#3084=DIRECTION('',(0.,0.,1.));
#3085=DIRECTION('',(1.,0.,0.));
#3086=DIRECTION('',(0.,0.,1.));
#3087=DIRECTION('',(1.,0.,0.));
#3088=DIRECTION('',(-0.707106781186548,0.707106781186548,0.));
#3089=DIRECTION('',(0.,0.,1.));
#3090=DIRECTION('',(1.,0.,0.));
#3091=DIRECTION('',(-1.89242561015651E-16,1.,0.));
#3092=DIRECTION('',(0.,0.,1.));
#3093=DIRECTION('',(1.,0.,0.));
#3094=DIRECTION('',(-1.89242561015651E-16,1.,0.));
#3095=DIRECTION('',(0.,0.,1.));
#3096=DIRECTION('',(1.,0.,0.));
#3097=DIRECTION('',(-1.,0.,0.));
#3098=DIRECTION('',(0.,0.,1.));
#3099=DIRECTION('',(1.,0.,0.));
#3100=DIRECTION('',(0.,-1.,0.));
#3101=DIRECTION('',(0.,0.,1.));
#3102=DIRECTION('',(1.,0.,0.));
#3103=DIRECTION('',(0.707106781186547,0.707106781186548,0.));
#3104=DIRECTION('',(0.,0.,1.));
#3105=DIRECTION('',(1.,0.,0.));
#3106=DIRECTION('',(-1.,0.,0.));
#3107=DIRECTION('',(0.,0.,1.));
#3108=DIRECTION('',(1.,0.,0.));
#3109=DIRECTION('',(-1.89242561015651E-16,1.,0.));
#3110=DIRECTION('',(0.,0.,1.));
#3111=DIRECTION('',(1.,0.,0.));
#3112=DIRECTION('',(-0.707106781186548,0.707106781186548,0.));
#3113=DIRECTION('',(0.,0.,1.));
#3114=DIRECTION('',(1.,0.,0.));
#3115=DIRECTION('',(0.,-1.,0.));
#3116=DIRECTION('',(0.,0.,1.));
#3117=DIRECTION('',(1.,0.,0.));
#3118=DIRECTION('',(1.,0.,0.));
#3119=DIRECTION('',(0.,0.,1.));
#3120=DIRECTION('',(1.,0.,0.));
#3121=DIRECTION('',(1.11022302462516E-16,-1.,0.));
#3122=DIRECTION('',(0.,0.,1.));
#3123=DIRECTION('',(1.,0.,0.));
#3124=DIRECTION('',(-1.,0.,0.));
#3125=DIRECTION('',(0.,0.,1.));
#3126=DIRECTION('',(1.,0.,0.));
#3127=DIRECTION('',(-0.707106781186548,0.707106781186548,0.));
#3128=DIRECTION('',(0.,0.,1.));
#3129=DIRECTION('',(1.,0.,0.));
#3130=DIRECTION('',(1.11022302462516E-16,-1.,0.));
#3131=DIRECTION('',(0.,0.,1.));
#3132=DIRECTION('',(1.,0.,0.));
#3133=DIRECTION('',(1.,0.,0.));
#3134=DIRECTION('',(0.,0.,1.));
#3135=DIRECTION('',(1.,0.,0.));
#3136=DIRECTION('',(0.707106781186548,0.707106781186548,0.));
#3137=DIRECTION('',(0.,0.,1.));
#3138=DIRECTION('',(1.,0.,0.));
#3139=DIRECTION('',(-1.,0.,0.));
#3140=DIRECTION('',(0.,0.,1.));
#3141=DIRECTION('',(1.,0.,0.));
#3142=DIRECTION('',(0.,0.,1.));
#3143=DIRECTION('',(1.,0.,0.));
#3144=DIRECTION('',(0.,0.,1.));
#3145=DIRECTION('',(1.,0.,0.));
#3146=DIRECTION('',(-1.89242561015651E-16,1.,0.));
#3147=DIRECTION('',(0.,0.,1.));
#3148=DIRECTION('',(1.,0.,0.));
#3149=DIRECTION('',(0.707106781186548,0.707106781186548,0.));
#3150=DIRECTION('',(0.,0.,1.));
#3151=DIRECTION('',(1.,0.,0.));
#3152=DIRECTION('',(1.,0.,0.));
#3153=DIRECTION('',(0.,0.,-1.));
#3154=DIRECTION('',(0.,0.,-1.));
#3155=DIRECTION('',(0.,0.,-1.));
#3156=DIRECTION('',(0.,1.,0.));
#3157=DIRECTION('',(0.,0.,1.));
#3158=DIRECTION('',(0.,0.,-1.));
#3159=DIRECTION('',(-1.,0.,0.));
#3160=DIRECTION('',(0.,0.,1.));
#3161=DIRECTION('',(0.,0.,-1.));
#3162=DIRECTION('',(0.,0.,-1.));
#3163=DIRECTION('',(-1.,0.,0.));
#3164=DIRECTION('',(0.,0.,-1.));
#3165=DIRECTION('',(-1.,0.,0.));
#3166=DIRECTION('',(0.,0.,-1.));
#3167=DIRECTION('',(-1.,0.,0.));
#3168=DIRECTION('',(0.,0.,-1.));
#3169=DIRECTION('',(-1.,0.,0.));
#3170=DIRECTION('',(0.,0.,-1.));
#3171=DIRECTION('',(-1.,0.,0.));
#3172=DIRECTION('',(0.,-1.,0.));
#3173=DIRECTION('',(0.,0.,-1.));
#3174=DIRECTION('',(0.707106781186548,-0.707106781186548,0.));
#3175=DIRECTION('',(0.707106781186548,0.707106781186548,0.));
#3176=DIRECTION('',(0.,0.,-1.));
#3177=DIRECTION('',(0.,0.,-1.));
#3178=DIRECTION('',(1.,1.89242561015651E-16,0.));
#3179=DIRECTION('',(-1.89242561015651E-16,1.,0.));
#3180=DIRECTION('',(0.,0.,-1.));
#3181=DIRECTION('',(0.,0.,-1.));
#3182=DIRECTION('',(-1.11022302462516E-16,1.,0.));
#3183=DIRECTION('',(-1.,-1.11022302462516E-16,0.));
#3184=DIRECTION('',(0.,0.,-1.));
#3185=DIRECTION('',(0.,0.,-1.));
#3186=DIRECTION('',(1.,0.,0.));
#3187=DIRECTION('',(0.,0.,-1.));
#3188=DIRECTION('',(0.,0.,-1.));
#3189=DIRECTION('',(0.,0.,-1.));
#3190=DIRECTION('',(0.,0.,-1.));
#3191=DIRECTION('',(-1.,0.,0.));
#3192=DIRECTION('',(0.,0.,-1.));
#3193=DIRECTION('',(-1.,0.,0.));
#3194=DIRECTION('',(0.,0.,1.));
#3195=DIRECTION('',(1.,0.,0.));
#3196=DIRECTION('',(0.,0.,1.));
#3197=DIRECTION('',(1.,0.,0.));
#3198=DIRECTION('',(0.707106781186548,-0.707106781186548,0.));
#3199=DIRECTION('',(0.707106781186548,0.707106781186548,0.));
#3200=DIRECTION('',(0.,0.,-1.));
#3201=DIRECTION('',(0.,0.,1.));
#3202=DIRECTION('',(1.,1.89242561015651E-16,0.));
#3203=DIRECTION('',(-1.89242561015651E-16,1.,0.));
#3204=DIRECTION('',(0.,0.,-1.));
#3205=DIRECTION('',(0.,0.,-1.));
#3206=DIRECTION('',(0.,0.,1.));
#3207=DIRECTION('',(1.,0.,0.));
#3208=DIRECTION('',(0.,0.,1.));
#3209=DIRECTION('',(0.,0.,1.));
#3210=DIRECTION('',(0.,0.,1.));
#3211=DIRECTION('',(1.,0.,0.));
#3212=DIRECTION('',(0.,0.,1.));
#3213=DIRECTION('',(1.,0.,0.));
#3214=DIRECTION('',(0.,0.,1.));
#3215=DIRECTION('',(1.,0.,0.));
#3216=DIRECTION('',(0.707106781186548,0.707106781186548,0.));
#3217=DIRECTION('',(-0.707106781186548,0.707106781186548,0.));
#3218=DIRECTION('',(0.,0.,1.));
#3219=DIRECTION('',(0.,0.,-1.));
#3220=DIRECTION('',(1.,1.89242561015651E-16,0.));
#3221=DIRECTION('',(-1.89242561015651E-16,1.,0.));
#3222=DIRECTION('',(0.,0.,-1.));
#3223=DIRECTION('',(0.,0.,-1.));
#3224=DIRECTION('',(0.,0.,1.));
#3225=DIRECTION('',(1.,0.,0.));
#3226=DIRECTION('',(0.,0.,1.));
#3227=DIRECTION('',(0.,0.,1.));
#3228=DIRECTION('',(0.,0.,1.));
#3229=DIRECTION('',(1.,0.,0.));
#3230=DIRECTION('',(0.,0.,1.));
#3231=DIRECTION('',(1.,0.,0.));
#3232=DIRECTION('',(0.,0.,1.));
#3233=DIRECTION('',(1.,0.,0.));
#3234=DIRECTION('',(0.,-1.,0.));
#3235=DIRECTION('',(0.,0.,-1.));
#3236=DIRECTION('',(0.,0.,-1.));
#3237=DIRECTION('',(0.,0.,-1.));
#3238=DIRECTION('',(0.707106781186548,0.707106781186548,0.));
#3239=DIRECTION('',(-0.707106781186548,0.707106781186548,0.));
#3240=DIRECTION('',(0.,0.,-1.));
#3241=DIRECTION('',(0.,0.,-1.));
#3242=DIRECTION('',(0.,0.,1.));
#3243=DIRECTION('',(1.,0.,0.));
#3244=DIRECTION('',(0.,0.,1.));
#3245=DIRECTION('',(0.,0.,1.));
#3246=DIRECTION('',(0.,0.,1.));
#3247=DIRECTION('',(1.,0.,0.));
#3248=DIRECTION('',(0.,0.,1.));
#3249=DIRECTION('',(1.,0.,0.));
#3250=DIRECTION('',(0.,0.,-1.));
#3251=DIRECTION('',(-1.,0.,0.));
#3252=DIRECTION('',(0.707106781186548,-0.707106781186548,0.));
#3253=DIRECTION('',(0.707106781186548,0.707106781186548,0.));
#3254=DIRECTION('',(0.,0.,1.));
#3255=DIRECTION('',(0.,0.,-1.));
#3256=DIRECTION('',(0.,-1.,0.));
#3257=DIRECTION('',(0.,0.,-1.));
#3258=DIRECTION('',(0.,0.,-1.));
#3259=DIRECTION('',(0.,0.,-1.));
#3260=DIRECTION('',(0.,0.,1.));
#3261=DIRECTION('',(1.,0.,0.));
#3262=DIRECTION('',(0.,0.,1.));
#3263=DIRECTION('',(0.,0.,1.));
#3264=DIRECTION('',(0.,0.,1.));
#3265=DIRECTION('',(1.,0.,0.));
#3266=DIRECTION('',(0.,0.,1.));
#3267=DIRECTION('',(1.,0.,0.));
#3268=DIRECTION('',(0.,0.,1.));
#3269=DIRECTION('',(1.,0.,0.));
#3270=DIRECTION('',(0.,0.,1.));
#3271=DIRECTION('',(1.,0.,0.));
#3272=DIRECTION('',(0.,0.,1.));
#3273=DIRECTION('',(0.,0.,1.));
#3274=DIRECTION('',(0.707106781186548,0.707106781186548,0.));
#3275=DIRECTION('',(-0.707106781186548,0.707106781186548,0.));
#3276=DIRECTION('',(0.,0.,-1.));
#3277=DIRECTION('',(0.,0.,1.));
#3278=DIRECTION('',(0.,-1.,0.));
#3279=DIRECTION('',(0.,0.,-1.));
#3280=DIRECTION('',(0.,0.,1.));
#3281=DIRECTION('',(0.,0.,-1.));
#3282=DIRECTION('',(0.,0.,1.));
#3283=DIRECTION('',(1.,0.,0.));
#3284=DIRECTION('',(0.,0.,1.));
#3285=DIRECTION('',(1.,0.,0.));
#3286=DIRECTION('',(0.,0.,-1.));
#3287=DIRECTION('',(-1.,0.,0.));
#3288=DIRECTION('',(0.,0.,1.));
#3289=DIRECTION('',(1.,0.,0.));
#3290=DIRECTION('',(0.,0.,1.));
#3291=DIRECTION('',(0.,0.,1.));
#3292=DIRECTION('',(0.707106781186548,0.707106781186548,0.));
#3293=DIRECTION('',(-0.707106781186548,0.707106781186548,0.));
#3294=DIRECTION('',(0.,0.,-1.));
#3295=DIRECTION('',(0.,0.,-1.));
#3296=DIRECTION('',(1.,1.89242561015651E-16,0.));
#3297=DIRECTION('',(-1.89242561015651E-16,1.,0.));
#3298=DIRECTION('',(0.,0.,-1.));
#3299=DIRECTION('',(0.,0.,1.));
#3300=DIRECTION('',(0.,0.,1.));
#3301=DIRECTION('',(1.,0.,0.));
#3302=DIRECTION('',(0.,0.,1.));
#3303=DIRECTION('',(1.,0.,0.));
#3304=DIRECTION('',(0.,0.,1.));
#3305=DIRECTION('',(1.,0.,0.));
#3306=DIRECTION('',(0.,0.,1.));
#3307=DIRECTION('',(1.,0.,0.));
#3308=DIRECTION('',(0.,0.,1.));
#3309=DIRECTION('',(0.,0.,1.));
#3310=DIRECTION('',(0.707106781186548,-0.707106781186548,0.));
#3311=DIRECTION('',(0.707106781186548,0.707106781186548,0.));
#3312=DIRECTION('',(0.,0.,-1.));
#3313=DIRECTION('',(0.,0.,-1.));
#3314=DIRECTION('',(0.,-1.,0.));
#3315=DIRECTION('',(0.,0.,-1.));
#3316=DIRECTION('',(0.,0.,-1.));
#3317=DIRECTION('',(0.,0.,1.));
#3318=DIRECTION('',(0.,0.,1.));
#3319=DIRECTION('',(1.,0.,0.));
#3320=DIRECTION('',(0.,0.,1.));
#3321=DIRECTION('',(1.,0.,0.));
#3322=DIRECTION('',(0.,0.,1.));
#3323=DIRECTION('',(1.,0.,0.));
#3324=DIRECTION('',(0.707106781186548,-0.707106781186547,0.));
#3325=DIRECTION('',(0.707106781186547,0.707106781186548,0.));
#3326=DIRECTION('',(0.,0.,1.));
#3327=DIRECTION('',(0.,0.,-1.));
#3328=DIRECTION('',(1.,1.89242561015651E-16,0.));
#3329=DIRECTION('',(-1.89242561015651E-16,1.,0.));
#3330=DIRECTION('',(0.,0.,-1.));
#3331=DIRECTION('',(0.,0.,-1.));
#3332=DIRECTION('',(0.,1.,0.));
#3333=DIRECTION('',(0.,0.,1.));
#3334=DIRECTION('',(0.,0.,-1.));
#3335=DIRECTION('',(0.,0.,-1.));
#3336=DIRECTION('',(-1.,0.,0.));
#3337=DIRECTION('',(0.,0.,1.));
#3338=DIRECTION('',(0.,0.,-1.));
#3339=DIRECTION('',(0.,0.,1.));
#3340=DIRECTION('',(0.,0.,-1.));
#3341=DIRECTION('',(-1.,0.,0.));
#3342=DIRECTION('',(0.,0.,-1.));
#3343=DIRECTION('',(-1.,0.,0.));
#3344=DIRECTION('',(0.,0.,-1.));
#3345=DIRECTION('',(-1.,0.,0.));
#3346=DIRECTION('',(0.,0.,1.));
#3347=DIRECTION('',(1.,0.,0.));
#3348=DIRECTION('',(-1.,0.,0.));
#3349=DIRECTION('',(0.,0.,1.));
#3350=DIRECTION('',(0.,0.,1.));
#3351=DIRECTION('',(0.,0.,-1.));
#3352=DIRECTION('',(0.,1.,0.));
#3353=DIRECTION('',(0.,0.,1.));
#3354=DIRECTION('',(0.,0.,-1.));
#3355=DIRECTION('',(0.,0.,-1.));
#3356=DIRECTION('',(1.,1.89242561015651E-16,0.));
#3357=DIRECTION('',(-1.89242561015651E-16,1.,0.));
#3358=DIRECTION('',(0.,0.,-1.));
#3359=DIRECTION('',(0.,0.,-1.));
#3360=DIRECTION('',(0.707106781186548,0.707106781186548,0.));
#3361=DIRECTION('',(-0.707106781186548,0.707106781186548,0.));
#3362=DIRECTION('',(0.,0.,-1.));
#3363=DIRECTION('',(0.,0.,1.));
#3364=DIRECTION('',(0.,0.,1.));
#3365=DIRECTION('',(1.,0.,0.));
#3366=DIRECTION('',(0.,0.,1.));
#3367=DIRECTION('',(1.,0.,0.));
#3368=DIRECTION('',(0.,0.,-1.));
#3369=DIRECTION('',(-1.,0.,0.));
#3370=DIRECTION('',(0.,0.,1.));
#3371=DIRECTION('',(1.,0.,0.));
#3372=DIRECTION('',(0.707106781186548,0.707106781186548,0.));
#3373=DIRECTION('',(-0.707106781186548,0.707106781186548,0.));
#3374=DIRECTION('',(0.,0.,-1.));
#3375=DIRECTION('',(0.,0.,-1.));
#3376=DIRECTION('',(0.,-1.,0.));
#3377=DIRECTION('',(0.,0.,-1.));
#3378=DIRECTION('',(0.,0.,-1.));
#3379=DIRECTION('',(0.,0.,-1.));
#3380=DIRECTION('',(-1.,-1.11022302462516E-16,0.));
#3381=DIRECTION('',(1.11022302462516E-16,-1.,0.));
#3382=DIRECTION('',(0.,0.,-1.));
#3383=DIRECTION('',(0.,0.,-1.));
#3384=DIRECTION('',(0.,1.,0.));
#3385=DIRECTION('',(0.,0.,1.));
#3386=DIRECTION('',(0.,0.,-1.));
#3387=DIRECTION('',(0.,0.,-1.));
#3388=DIRECTION('',(0.,0.,1.));
#3389=DIRECTION('',(1.,0.,0.));
#3390=DIRECTION('',(0.,0.,1.));
#3391=DIRECTION('',(1.,0.,0.));
#3392=DIRECTION('',(0.,0.,1.));
#3393=DIRECTION('',(1.,0.,0.));
#3394=DIRECTION('',(0.,0.,1.));
#3395=DIRECTION('',(1.,0.,0.));
#3396=DIRECTION('',(0.707106781186548,-0.707106781186548,0.));
#3397=DIRECTION('',(0.707106781186548,0.707106781186548,0.));
#3398=DIRECTION('',(0.,0.,-1.));
#3399=DIRECTION('',(0.,0.,1.));
#3400=DIRECTION('',(0.,1.,0.));
#3401=DIRECTION('',(0.,0.,1.));
#3402=DIRECTION('',(0.,0.,1.));
#3403=DIRECTION('',(0.,0.,-1.));
#3404=DIRECTION('',(-1.,-1.11022302462516E-16,0.));
#3405=DIRECTION('',(1.11022302462516E-16,-1.,0.));
#3406=DIRECTION('',(0.,0.,-1.));
#3407=DIRECTION('',(0.,0.,-1.));
#3408=DIRECTION('',(0.,-1.,0.));
#3409=DIRECTION('',(0.,0.,-1.));
#3410=DIRECTION('',(0.,0.,-1.));
#3411=DIRECTION('',(0.,0.,-1.));
#3412=DIRECTION('',(0.,0.,-1.));
#3413=DIRECTION('',(-1.,0.,0.));
#3414=DIRECTION('',(0.,0.,-1.));
#3415=DIRECTION('',(-1.,0.,0.));
#3416=DIRECTION('',(0.,0.,-1.));
#3417=DIRECTION('',(-1.,0.,0.));
#3418=DIRECTION('',(0.,0.,1.));
#3419=DIRECTION('',(1.,0.,0.));
#3420=DIRECTION('',(1.,1.89242561015651E-16,0.));
#3421=DIRECTION('',(-1.89242561015651E-16,1.,0.));
#3422=DIRECTION('',(0.,0.,1.));
#3423=DIRECTION('',(0.,0.,-1.));
#3424=DIRECTION('',(0.707106781186548,-0.707106781186548,0.));
#3425=DIRECTION('',(0.707106781186548,0.707106781186548,0.));
#3426=DIRECTION('',(0.,0.,-1.));
#3427=DIRECTION('',(0.,0.,-1.));
#3428=DIRECTION('',(0.,0.,1.));
#3429=DIRECTION('',(1.,0.,0.));
#3430=DIRECTION('',(0.,0.,1.));
#3431=DIRECTION('',(0.,0.,1.));
#3432=DIRECTION('',(0.,0.,1.));
#3433=DIRECTION('',(1.,0.,0.));
#3434=DIRECTION('',(0.,0.,1.));
#3435=DIRECTION('',(1.,0.,0.));
#3436=DIRECTION('',(0.,0.,1.));
#3437=DIRECTION('',(1.,0.,0.));
#3438=DIRECTION('',(1.,0.,0.));
#3439=DIRECTION('',(0.,0.,-1.));
#3440=DIRECTION('',(0.,0.,-1.));
#3441=DIRECTION('',(0.,0.,-1.));
#3442=DIRECTION('',(-1.11022302462516E-16,1.,0.));
#3443=DIRECTION('',(-1.,-1.11022302462516E-16,0.));
#3444=DIRECTION('',(0.,0.,-1.));
#3445=DIRECTION('',(0.,0.,-1.));
#3446=DIRECTION('',(1.,1.89242561015651E-16,0.));
#3447=DIRECTION('',(-1.89242561015651E-16,1.,0.));
#3448=DIRECTION('',(0.,0.,-1.));
#3449=DIRECTION('',(0.,0.,-1.));
#3450=DIRECTION('',(0.707106781186548,0.707106781186548,0.));
#3451=DIRECTION('',(-0.707106781186548,0.707106781186548,0.));
#3452=DIRECTION('',(0.,0.,-1.));
#3453=DIRECTION('',(0.,0.,-1.));
#3454=DIRECTION('',(0.,0.,1.));
#3455=DIRECTION('',(1.,0.,0.));
#3456=DIRECTION('',(0.,0.,1.));
#3457=DIRECTION('',(1.,0.,0.));
#3458=DIRECTION('',(0.,0.,-1.));
#3459=DIRECTION('',(-1.,0.,0.));
#3460=DIRECTION('',(0.,0.,-1.));
#3461=DIRECTION('',(-1.,0.,0.));
#3462=DIRECTION('',(0.707106781186548,0.707106781186548,0.));
#3463=DIRECTION('',(-0.707106781186548,0.707106781186548,0.));
#3464=DIRECTION('',(0.,0.,1.));
#3465=DIRECTION('',(0.,0.,-1.));
#3466=DIRECTION('',(0.,-1.,0.));
#3467=DIRECTION('',(0.,0.,-1.));
#3468=DIRECTION('',(0.,0.,-1.));
#3469=DIRECTION('',(0.,0.,-1.));
#3470=DIRECTION('',(1.,0.,0.));
#3471=DIRECTION('',(0.,0.,-1.));
#3472=DIRECTION('',(0.,0.,-1.));
#3473=DIRECTION('',(0.,0.,-1.));
#3474=DIRECTION('',(0.,-1.,0.));
#3475=DIRECTION('',(0.,0.,-1.));
#3476=DIRECTION('',(0.,0.,-1.));
#3477=DIRECTION('',(0.,0.,1.));
#3478=DIRECTION('',(0.,0.,1.));
#3479=DIRECTION('',(1.,0.,0.));
#3480=DIRECTION('',(0.,0.,-1.));
#3481=DIRECTION('',(-1.,0.,0.));
#3482=DIRECTION('',(0.,0.,1.));
#3483=DIRECTION('',(1.,0.,0.));
#3484=DIRECTION('',(0.,0.,1.));
#3485=DIRECTION('',(1.,0.,0.));
#3486=DIRECTION('',(0.,-1.,0.));
#3487=DIRECTION('',(0.,0.,-1.));
#3488=DIRECTION('',(0.,0.,-1.));
#3489=DIRECTION('',(0.,0.,-1.));
#3490=DIRECTION('',(0.707106781186548,-0.707106781186547,0.));
#3491=DIRECTION('',(0.707106781186547,0.707106781186548,0.));
#3492=DIRECTION('',(0.,0.,-1.));
#3493=DIRECTION('',(0.,0.,-1.));
#3494=DIRECTION('',(0.,-1.,0.));
#3495=DIRECTION('',(0.,0.,-1.));
#3496=DIRECTION('',(0.,0.,-1.));
#3497=DIRECTION('',(0.,0.,-1.));
#3498=DIRECTION('',(1.,0.,0.));
#3499=DIRECTION('',(0.,0.,-1.));
#3500=DIRECTION('',(0.,0.,-1.));
#3501=DIRECTION('',(0.,0.,-1.));
#3502=DIRECTION('',(0.,0.,1.));
#3503=DIRECTION('',(1.,0.,0.));
#3504=DIRECTION('',(0.,0.,-1.));
#3505=DIRECTION('',(-1.,0.,0.));
#3506=DIRECTION('',(0.,0.,-1.));
#3507=DIRECTION('',(-1.,0.,0.));
#3508=DIRECTION('',(0.,0.,1.));
#3509=DIRECTION('',(1.,0.,0.));
#3510=CARTESIAN_POINT('',(0.,0.,0.));
#3511=CARTESIAN_POINT('',(0.,0.05,0.0354));
#3512=CARTESIAN_POINT('',(0.0352169191983608,0.0401666666666667,0.0354));
#3513=CARTESIAN_POINT('',(0.0352169191983608,0.0381666666666667,0.0354));
#3514=CARTESIAN_POINT('',(0.036631132760734,0.0387524531042936,0.0354));
#3515=CARTESIAN_POINT('',(0.,0.0381666666666667,0.0354));
#3516=CARTESIAN_POINT('',(0.0035,0.0381666666666667,0.0354));
#3517=CARTESIAN_POINT('',(0.0035,0.0401666666666667,0.0354));
#3518=CARTESIAN_POINT('',(0.0015,0.0401666666666667,0.0354));
#3519=CARTESIAN_POINT('',(0.0015,0.05,0.0354));
#3520=CARTESIAN_POINT('',(0.0015,0.0415,0.0354));
#3521=CARTESIAN_POINT('',(0.0035,0.0415,0.0354));
#3522=CARTESIAN_POINT('',(0.0035,0.0435,0.0354));
#3523=CARTESIAN_POINT('',(0.,0.0435,0.0354));
#3524=CARTESIAN_POINT('',(0.0365502525316942,0.0435,0.0354));
#3525=CARTESIAN_POINT('',(0.0365502525316942,0.0415,0.0354));
#3526=CARTESIAN_POINT('',(0.0379644660940672,0.0400857864376269,0.0354));
#3527=CARTESIAN_POINT('',(0.0239393398282202,0.0260606601717798,0.0354));
#3528=CARTESIAN_POINT('',(0.,0.0381666666666667,0.0354));
#3529=CARTESIAN_POINT('',(-0.0352169191983608,0.0381666666666667,0.0354));
#3530=CARTESIAN_POINT('',(-0.0035,0.0381666666666667,0.0354));
#3531=CARTESIAN_POINT('',(-0.0352169191983608,0.0401666666666667,0.0354));
#3532=CARTESIAN_POINT('',(-0.036631132760734,0.0387524531042936,0.0354));
#3533=CARTESIAN_POINT('',(-0.0239393398282202,0.0260606601717798,0.0354));
#3534=CARTESIAN_POINT('',(-0.0379644660940672,0.0400857864376269,0.0354));
#3535=CARTESIAN_POINT('',(-0.0365502525316941,0.0415,0.0354));
#3536=CARTESIAN_POINT('',(-0.0365502525316941,0.0435,0.0354));
#3537=CARTESIAN_POINT('',(0.,0.0435,0.0354));
#3538=CARTESIAN_POINT('',(-0.0035,0.0435,0.0354));
#3539=CARTESIAN_POINT('',(-0.0035,0.0415,0.0354));
#3540=CARTESIAN_POINT('',(-0.0015,0.0415,0.0354));
#3541=CARTESIAN_POINT('',(-0.0015,0.05,0.0354));
#3542=CARTESIAN_POINT('',(-0.0015,0.0401666666666667,0.0354));
#3543=CARTESIAN_POINT('',(-0.0035,0.0401666666666667,0.0354));
#3544=CARTESIAN_POINT('',(-0.0415,0.0365502525316941,0.0354));
#3545=CARTESIAN_POINT('',(-0.0400857864376269,0.0379644660940672,0.0354));
#3546=CARTESIAN_POINT('',(-0.0435,0.0365502525316941,0.0354));
#3547=CARTESIAN_POINT('',(-0.0260606601717798,0.0239393398282202,0.0354));
#3548=CARTESIAN_POINT('',(-0.0387524531042936,0.0366311327607339,0.0354));
#3549=CARTESIAN_POINT('',(-0.0401666666666666,0.0352169191983608,0.0354));
#3550=CARTESIAN_POINT('',(-0.0381666666666667,0.0352169191983608,0.0354));
#3551=CARTESIAN_POINT('',(-0.0381666666666667,0.05,0.0354));
#3552=CARTESIAN_POINT('',(-0.0381666666666667,0.0035,0.0354));
#3553=CARTESIAN_POINT('',(-0.0401666666666666,0.0035,0.0354));
#3554=CARTESIAN_POINT('',(-0.0401666666666666,0.0015,0.0354));
#3555=CARTESIAN_POINT('',(5.38458166943201E-18,0.0015,0.0354));
#3556=CARTESIAN_POINT('',(-0.0415,0.0015,0.0354));
#3557=CARTESIAN_POINT('',(-0.0415,0.0035,0.0354));
#3558=CARTESIAN_POINT('',(-0.0435,0.0035,0.0354));
#3559=CARTESIAN_POINT('',(-0.0435,0.05,0.0354));
#3560=CARTESIAN_POINT('',(-0.0331666666666666,-0.017499206331209,0.0354));
#3561=CARTESIAN_POINT('',(-0.0313977777777777,-0.0165659153268778,0.0354));
#3562=CARTESIAN_POINT('',(-0.0351666666666667,-0.017499206331209,0.0354));
#3563=CARTESIAN_POINT('',(0.,-4.94884285529278E-18,0.0354));
#3564=CARTESIAN_POINT('',(-0.0273355976297589,-0.0226498366930961,0.0354));
#3565=CARTESIAN_POINT('',(-0.0288756312990411,-0.0239258838307352,0.0354));
#3566=CARTESIAN_POINT('',(-0.027461417736668,-0.0253400973931084,0.0354));
#3567=CARTESIAN_POINT('',(0.0239393398282202,0.0260606601717798,0.0354));
#3568=CARTESIAN_POINT('',(-0.0317524531042936,-0.0296311327607339,0.0354));
#3569=CARTESIAN_POINT('',(-0.0331666666666666,-0.0282169191983608,0.0354));
#3570=CARTESIAN_POINT('',(-0.0351666666666667,-0.0282169191983608,0.0354));
#3571=CARTESIAN_POINT('',(-0.0351666666666667,0.05,0.0354));
#3572=CARTESIAN_POINT('',(-0.0352169191983608,-0.0401666666666667,0.0354));
#3573=CARTESIAN_POINT('',(-0.0352169191983608,-0.0381666666666667,0.0354));
#3574=CARTESIAN_POINT('',(-0.036631132760734,-0.0387524531042936,0.0354));
#3575=CARTESIAN_POINT('',(0.,-0.0381666666666667,0.0354));
#3576=CARTESIAN_POINT('',(-0.0035,-0.0381666666666667,0.0354));
#3577=CARTESIAN_POINT('',(-0.0035,-0.0401666666666667,0.0354));
#3578=CARTESIAN_POINT('',(-0.0015,-0.0401666666666666,0.0354));
#3579=CARTESIAN_POINT('',(-0.0015,0.05,0.0354));
#3580=CARTESIAN_POINT('',(-0.0015,-0.0415,0.0354));
#3581=CARTESIAN_POINT('',(-0.0035,-0.0415,0.0354));
#3582=CARTESIAN_POINT('',(-0.0035,-0.0435,0.0354));
#3583=CARTESIAN_POINT('',(0.,-0.0435,0.0354));
#3584=CARTESIAN_POINT('',(-0.0365502525316941,-0.0435,0.0354));
#3585=CARTESIAN_POINT('',(-0.0365502525316941,-0.0415,0.0354));
#3586=CARTESIAN_POINT('',(-0.0379644660940672,-0.0400857864376269,0.0354));
#3587=CARTESIAN_POINT('',(0.0260606601717798,0.0239393398282202,0.0354));
#3588=CARTESIAN_POINT('',(0.,-0.0015,0.0354));
#3589=CARTESIAN_POINT('',(0.0415,-0.0015,0.0354));
#3590=CARTESIAN_POINT('',(0.0401666666666667,-0.0015,0.0354));
#3591=CARTESIAN_POINT('',(0.0415,-0.0035,0.0354));
#3592=CARTESIAN_POINT('',(0.0435,-0.0035,0.0354));
#3593=CARTESIAN_POINT('',(0.0435,0.05,0.0354));
#3594=CARTESIAN_POINT('',(0.0435,-0.0365502525316941,0.0354));
#3595=CARTESIAN_POINT('',(0.0415,-0.0365502525316941,0.0354));
#3596=CARTESIAN_POINT('',(0.0400857864376269,-0.0379644660940672,0.0354));
#3597=CARTESIAN_POINT('',(-0.0239393398282202,0.0260606601717798,0.0354));
#3598=CARTESIAN_POINT('',(0.0387524531042936,-0.036631132760734,0.0354));
#3599=CARTESIAN_POINT('',(0.0401666666666667,-0.0352169191983608,0.0354));
#3600=CARTESIAN_POINT('',(0.0381666666666667,-0.0352169191983608,0.0354));
#3601=CARTESIAN_POINT('',(0.0381666666666667,0.05,0.0354));
#3602=CARTESIAN_POINT('',(0.0381666666666667,-0.0035,0.0354));
#3603=CARTESIAN_POINT('',(0.0401666666666667,-0.0035,0.0354));
#3604=CARTESIAN_POINT('',(0.0239258838307352,0.0288756312990411,0.0354));
#3605=CARTESIAN_POINT('',(0.0226498366930961,0.0273355976297589,0.0354));
#3606=CARTESIAN_POINT('',(0.0253400973931084,0.027461417736668,0.0354));
#3607=CARTESIAN_POINT('',(0.,-4.94884285529278E-18,0.0354));
#3608=CARTESIAN_POINT('',(0.0165659153268777,0.0313977777777778,0.0354));
#3609=CARTESIAN_POINT('',(0.0174992063312089,0.0331666666666666,0.0354));
#3610=CARTESIAN_POINT('',(0.0174992063312089,0.0351666666666667,0.0354));
#3611=CARTESIAN_POINT('',(0.,0.0351666666666667,0.0354));
#3612=CARTESIAN_POINT('',(0.0282169191983609,0.0351666666666667,0.0354));
#3613=CARTESIAN_POINT('',(0.0282169191983609,0.0331666666666666,0.0354));
#3614=CARTESIAN_POINT('',(0.0296311327607339,0.0317524531042936,0.0354));
#3615=CARTESIAN_POINT('',(0.0239393398282202,0.0260606601717798,0.0354));
#3616=CARTESIAN_POINT('',(-0.0288756312990411,0.0239258838307352,0.0354));
#3617=CARTESIAN_POINT('',(-0.0273355976297589,0.0226498366930961,0.0354));
#3618=CARTESIAN_POINT('',(-0.027461417736668,0.0253400973931084,0.0354));
#3619=CARTESIAN_POINT('',(0.,-4.94884285529278E-18,0.0354));
#3620=CARTESIAN_POINT('',(-0.0313977777777777,0.0165659153268778,0.0354));
#3621=CARTESIAN_POINT('',(-0.0331666666666666,0.017499206331209,0.0354));
#3622=CARTESIAN_POINT('',(-0.0351666666666667,0.0174992063312089,0.0354));
#3623=CARTESIAN_POINT('',(-0.0351666666666667,0.05,0.0354));
#3624=CARTESIAN_POINT('',(-0.0351666666666667,0.0282169191983608,0.0354));
#3625=CARTESIAN_POINT('',(-0.0331666666666666,0.0282169191983608,0.0354));
#3626=CARTESIAN_POINT('',(-0.0317524531042936,0.0296311327607339,0.0354));
#3627=CARTESIAN_POINT('',(-0.0260606601717798,0.0239393398282202,0.0354));
#3628=CARTESIAN_POINT('',(-0.0239258838307352,-0.0288756312990411,0.0354));
#3629=CARTESIAN_POINT('',(-0.0226498366930961,-0.0273355976297589,0.0354));
#3630=CARTESIAN_POINT('',(-0.0253400973931084,-0.027461417736668,0.0354));
#3631=CARTESIAN_POINT('',(0.,-4.94884285529278E-18,0.0354));
#3632=CARTESIAN_POINT('',(-0.0165659153268778,-0.0313977777777778,0.0354));
#3633=CARTESIAN_POINT('',(-0.0174992063312089,-0.0331666666666666,0.0354));
#3634=CARTESIAN_POINT('',(-0.0174992063312089,-0.0351666666666667,0.0354));
#3635=CARTESIAN_POINT('',(0.,-0.0351666666666667,0.0354));
#3636=CARTESIAN_POINT('',(-0.0282169191983609,-0.0351666666666667,0.0354));
#3637=CARTESIAN_POINT('',(-0.0282169191983609,-0.0331666666666666,0.0354));
#3638=CARTESIAN_POINT('',(-0.0296311327607339,-0.0317524531042936,0.0354));
#3639=CARTESIAN_POINT('',(0.0260606601717799,0.0239393398282201,0.0354));
#3640=CARTESIAN_POINT('',(0.0174992063312089,-0.0331666666666666,0.0354));
#3641=CARTESIAN_POINT('',(0.0165659153268778,-0.0313977777777778,0.0354));
#3642=CARTESIAN_POINT('',(0.0174992063312089,-0.0351666666666667,0.0354));
#3643=CARTESIAN_POINT('',(0.,-4.94884285529278E-18,0.0354));
#3644=CARTESIAN_POINT('',(0.0226498366930961,-0.0273355976297589,0.0354));
#3645=CARTESIAN_POINT('',(0.0239258838307352,-0.0288756312990411,0.0354));
#3646=CARTESIAN_POINT('',(0.0253400973931084,-0.027461417736668,0.0354));
#3647=CARTESIAN_POINT('',(-0.0260606601717798,0.0239393398282202,0.0354));
#3648=CARTESIAN_POINT('',(0.0296311327607339,-0.0317524531042936,0.0354));
#3649=CARTESIAN_POINT('',(0.0282169191983609,-0.0331666666666666,0.0354));
#3650=CARTESIAN_POINT('',(0.0282169191983609,-0.0351666666666667,0.0354));
#3651=CARTESIAN_POINT('',(0.,-0.0351666666666667,0.0354));
#3652=CARTESIAN_POINT('',(0.0288756312990411,-0.0239258838307352,0.0354));
#3653=CARTESIAN_POINT('',(0.0273355976297589,-0.0226498366930961,0.0354));
#3654=CARTESIAN_POINT('',(0.027461417736668,-0.0253400973931084,0.0354));
#3655=CARTESIAN_POINT('',(0.,-4.94884285529278E-18,0.0354));
#3656=CARTESIAN_POINT('',(0.0313977777777778,-0.0165659153268777,0.0354));
#3657=CARTESIAN_POINT('',(0.0331666666666667,-0.0174992063312089,0.0354));
#3658=CARTESIAN_POINT('',(0.0351666666666667,-0.0174992063312089,0.0354));
#3659=CARTESIAN_POINT('',(0.0351666666666667,0.05,0.0354));
#3660=CARTESIAN_POINT('',(0.0351666666666667,-0.0282169191983609,0.0354));
#3661=CARTESIAN_POINT('',(0.0331666666666667,-0.0282169191983609,0.0354));
#3662=CARTESIAN_POINT('',(0.0317524531042936,-0.0296311327607339,0.0354));
#3663=CARTESIAN_POINT('',(-0.0239393398282202,0.0260606601717799,0.0354));
#3664=CARTESIAN_POINT('',(-0.0381666666666667,0.05,0.0354));
#3665=CARTESIAN_POINT('',(-0.0381666666666667,-0.0352169191983608,0.0354));
#3666=CARTESIAN_POINT('',(-0.0381666666666667,-0.0035,0.0354));
#3667=CARTESIAN_POINT('',(-0.0401666666666666,-0.0352169191983608,0.0354));
#3668=CARTESIAN_POINT('',(-0.0387524531042936,-0.0366311327607339,0.0354));
#3669=CARTESIAN_POINT('',(0.0239393398282202,0.0260606601717798,0.0354));
#3670=CARTESIAN_POINT('',(-0.0400857864376269,-0.0379644660940672,0.0354));
#3671=CARTESIAN_POINT('',(-0.0415,-0.0365502525316941,0.0354));
#3672=CARTESIAN_POINT('',(-0.0435,-0.0365502525316941,0.0354));
#3673=CARTESIAN_POINT('',(-0.0435,0.05,0.0354));
#3674=CARTESIAN_POINT('',(-0.0435,-0.0035,0.0354));
#3675=CARTESIAN_POINT('',(-0.0415,-0.0035,0.0354));
#3676=CARTESIAN_POINT('',(-0.0415,-0.0015,0.0354));
#3677=CARTESIAN_POINT('',(5.71764857681956E-18,-0.0015,0.0354));
#3678=CARTESIAN_POINT('',(-0.0401666666666666,-0.0015,0.0354));
#3679=CARTESIAN_POINT('',(-0.0401666666666666,-0.0035,0.0354));
#3680=CARTESIAN_POINT('',(0.,0.05,0.0354));
#3681=CARTESIAN_POINT('',(0.05,0.05,0.0354));
#3682=CARTESIAN_POINT('',(-0.05,0.05,0.0354));
#3683=CARTESIAN_POINT('',(-0.05,0.,0.0354));
#3684=CARTESIAN_POINT('',(-0.05,-0.05,0.0354));
#3685=CARTESIAN_POINT('',(0.,-0.05,0.0354));
#3686=CARTESIAN_POINT('',(0.05,-0.05,0.0354));
#3687=CARTESIAN_POINT('',(0.05,0.,0.0354));
#3688=CARTESIAN_POINT('',(-0.045,0.045,0.0354));
#3689=CARTESIAN_POINT('',(-0.0429,0.045,0.0354));
#3690=CARTESIAN_POINT('',(-0.045,-0.045,0.0354));
#3691=CARTESIAN_POINT('',(-0.0429,-0.045,0.0354));
#3692=CARTESIAN_POINT('',(0.045,-0.045,0.0354));
#3693=CARTESIAN_POINT('',(0.0471,-0.045,0.0354));
#3694=CARTESIAN_POINT('',(0.045,0.045,0.0354));
#3695=CARTESIAN_POINT('',(0.0471,0.045,0.0354));
#3696=CARTESIAN_POINT('',(0.,-4.94884285529278E-18,0.0354));
#3697=CARTESIAN_POINT('',(0.0325,-4.94884285529278E-18,0.0354));
#3698=CARTESIAN_POINT('',(0.0331666666666666,0.0174992063312089,0.0354));
#3699=CARTESIAN_POINT('',(0.0313977777777778,0.0165659153268777,0.0354));
#3700=CARTESIAN_POINT('',(0.0351666666666667,0.0174992063312089,0.0354));
#3701=CARTESIAN_POINT('',(0.,-4.94884285529278E-18,0.0354));
#3702=CARTESIAN_POINT('',(0.0273355976297589,0.0226498366930961,0.0354));
#3703=CARTESIAN_POINT('',(0.0288756312990411,0.0239258838307352,0.0354));
#3704=CARTESIAN_POINT('',(0.027461417736668,0.0253400973931084,0.0354));
#3705=CARTESIAN_POINT('',(0.0260606601717799,0.0239393398282201,0.0354));
#3706=CARTESIAN_POINT('',(0.0317524531042936,0.0296311327607339,0.0354));
#3707=CARTESIAN_POINT('',(0.0331666666666666,0.0282169191983609,0.0354));
#3708=CARTESIAN_POINT('',(0.0351666666666667,0.0282169191983609,0.0354));
#3709=CARTESIAN_POINT('',(0.0351666666666667,0.05,0.0354));
#3710=CARTESIAN_POINT('',(-0.0174992063312089,0.0331666666666666,0.0354));
#3711=CARTESIAN_POINT('',(-0.0165659153268777,0.0313977777777778,0.0354));
#3712=CARTESIAN_POINT('',(-0.0174992063312089,0.0351666666666667,0.0354));
#3713=CARTESIAN_POINT('',(0.,-4.94884285529278E-18,0.0354));
#3714=CARTESIAN_POINT('',(-0.0226498366930961,0.0273355976297589,0.0354));
#3715=CARTESIAN_POINT('',(-0.0239258838307352,0.0288756312990411,0.0354));
#3716=CARTESIAN_POINT('',(-0.0253400973931084,0.027461417736668,0.0354));
#3717=CARTESIAN_POINT('',(-0.0239393398282202,0.0260606601717798,0.0354));
#3718=CARTESIAN_POINT('',(-0.0296311327607339,0.0317524531042936,0.0354));
#3719=CARTESIAN_POINT('',(-0.0282169191983609,0.0331666666666666,0.0354));
#3720=CARTESIAN_POINT('',(-0.0282169191983609,0.0351666666666667,0.0354));
#3721=CARTESIAN_POINT('',(0.,0.0351666666666667,0.0354));
#3722=CARTESIAN_POINT('',(0.0401666666666666,0.0035,0.0354));
#3723=CARTESIAN_POINT('',(0.0381666666666667,0.0035,0.0354));
#3724=CARTESIAN_POINT('',(0.0401666666666666,0.0015,0.0354));
#3725=CARTESIAN_POINT('',(0.0381666666666667,0.05,0.0354));
#3726=CARTESIAN_POINT('',(0.0381666666666667,0.0352169191983608,0.0354));
#3727=CARTESIAN_POINT('',(0.0401666666666666,0.0352169191983608,0.0354));
#3728=CARTESIAN_POINT('',(0.0387524531042936,0.0366311327607339,0.0354));
#3729=CARTESIAN_POINT('',(0.0260606601717799,0.0239393398282202,0.0354));
#3730=CARTESIAN_POINT('',(0.0400857864376269,0.0379644660940672,0.0354));
#3731=CARTESIAN_POINT('',(0.0415,0.0365502525316941,0.0354));
#3732=CARTESIAN_POINT('',(0.0435,0.0365502525316941,0.0354));
#3733=CARTESIAN_POINT('',(0.0435,0.05,0.0354));
#3734=CARTESIAN_POINT('',(0.0435,0.0035,0.0354));
#3735=CARTESIAN_POINT('',(0.0415,0.0035,0.0354));
#3736=CARTESIAN_POINT('',(0.0415,0.0015,0.0354));
#3737=CARTESIAN_POINT('',(0.,0.0015,0.0354));
#3738=CARTESIAN_POINT('',(0.0035,-0.0401666666666667,0.0354));
#3739=CARTESIAN_POINT('',(0.0035,-0.0381666666666667,0.0354));
#3740=CARTESIAN_POINT('',(0.0015,-0.0401666666666666,0.0354));
#3741=CARTESIAN_POINT('',(0.,-0.0381666666666667,0.0354));
#3742=CARTESIAN_POINT('',(0.0352169191983608,-0.0381666666666667,0.0354));
#3743=CARTESIAN_POINT('',(0.0352169191983608,-0.0401666666666667,0.0354));
#3744=CARTESIAN_POINT('',(0.036631132760734,-0.0387524531042936,0.0354));
#3745=CARTESIAN_POINT('',(-0.0260606601717798,0.0239393398282202,0.0354));
#3746=CARTESIAN_POINT('',(0.0379644660940672,-0.0400857864376269,0.0354));
#3747=CARTESIAN_POINT('',(0.0365502525316941,-0.0415,0.0354));
#3748=CARTESIAN_POINT('',(0.0365502525316941,-0.0435,0.0354));
#3749=CARTESIAN_POINT('',(0.,-0.0435,0.0354));
#3750=CARTESIAN_POINT('',(0.0035,-0.0435,0.0354));
#3751=CARTESIAN_POINT('',(0.0035,-0.0415,0.0354));
#3752=CARTESIAN_POINT('',(0.0015,-0.0415,0.0354));
#3753=CARTESIAN_POINT('',(0.0015,0.05,0.0354));
#3754=CARTESIAN_POINT('',(0.,0.,0.0334));
#3755=CARTESIAN_POINT('',(0.0015,0.,0.0334));
#3756=CARTESIAN_POINT('',(0.0015,0.0401666666666667,0.0334));
#3757=CARTESIAN_POINT('',(0.0015,0.0415,0.0334));
#3758=CARTESIAN_POINT('',(0.0035,0.0401666666666667,0.0334));
#3759=CARTESIAN_POINT('',(0.0035,0.0381666666666667,0.0334));
#3760=CARTESIAN_POINT('',(0.,0.0381666666666667,0.0334));
#3761=CARTESIAN_POINT('',(0.0352169191983608,0.0381666666666667,0.0334));
#3762=CARTESIAN_POINT('',(0.0352169191983608,0.0401666666666667,0.0334));
#3763=CARTESIAN_POINT('',(0.036631132760734,0.0387524531042936,0.0334));
#3764=CARTESIAN_POINT('',(-0.00106066017177979,0.00106066017177979,0.0334));
#3765=CARTESIAN_POINT('',(0.0379644660940672,0.0400857864376269,0.0334));
#3766=CARTESIAN_POINT('',(0.0365502525316942,0.0415,0.0334));
#3767=CARTESIAN_POINT('',(0.0365502525316942,0.0435,0.0334));
#3768=CARTESIAN_POINT('',(0.,0.0435,0.0334));
#3769=CARTESIAN_POINT('',(0.0035,0.0435,0.0334));
#3770=CARTESIAN_POINT('',(0.0035,0.0415,0.0334));
#3771=CARTESIAN_POINT('',(0.,0.0381666666666667,0.0334));
#3772=CARTESIAN_POINT('',(-0.0352169191983608,0.0381666666666667,0.0334));
#3773=CARTESIAN_POINT('',(-0.0035,0.0381666666666667,0.0334));
#3774=CARTESIAN_POINT('',(-0.0035,0.0401666666666667,0.0334));
#3775=CARTESIAN_POINT('',(-0.0015,0.0401666666666667,0.0334));
#3776=CARTESIAN_POINT('',(-0.0015,0.,0.0334));
#3777=CARTESIAN_POINT('',(-0.0015,0.0415,0.0334));
#3778=CARTESIAN_POINT('',(-0.0035,0.0415,0.0334));
#3779=CARTESIAN_POINT('',(-0.0035,0.0435,0.0334));
#3780=CARTESIAN_POINT('',(0.,0.0435,0.0334));
#3781=CARTESIAN_POINT('',(-0.0365502525316941,0.0435,0.0334));
#3782=CARTESIAN_POINT('',(-0.0365502525316941,0.0415,0.0334));
#3783=CARTESIAN_POINT('',(-0.0379644660940672,0.0400857864376269,0.0334));
#3784=CARTESIAN_POINT('',(0.00106066017177982,0.00106066017177982,0.0334));
#3785=CARTESIAN_POINT('',(-0.036631132760734,0.0387524531042936,0.0334));
#3786=CARTESIAN_POINT('',(-0.0352169191983608,0.0401666666666667,0.0334));
#3787=CARTESIAN_POINT('',(-0.0381666666666667,-7.2227577454307E-18,0.0334));
#3788=CARTESIAN_POINT('',(-0.0381666666666667,0.0035,0.0334));
#3789=CARTESIAN_POINT('',(-0.0381666666666667,0.0352169191983608,0.0334));
#3790=CARTESIAN_POINT('',(-0.0401666666666666,0.0352169191983608,0.0334));
#3791=CARTESIAN_POINT('',(-0.0387524531042936,0.0366311327607339,0.0334));
#3792=CARTESIAN_POINT('',(-0.00106066017177982,-0.00106066017177982,0.0334));
#3793=CARTESIAN_POINT('',(-0.0400857864376269,0.0379644660940672,0.0334));
#3794=CARTESIAN_POINT('',(-0.0415,0.0365502525316941,0.0334));
#3795=CARTESIAN_POINT('',(-0.0435,0.0365502525316941,0.0334));
#3796=CARTESIAN_POINT('',(-0.0435,0.,0.0334));
#3797=CARTESIAN_POINT('',(-0.0435,0.0035,0.0334));
#3798=CARTESIAN_POINT('',(-0.0415,0.0035,0.0334));
#3799=CARTESIAN_POINT('',(-0.0415,0.0015,0.0334));
#3800=CARTESIAN_POINT('',(-1.66533453693774E-19,0.0015,0.0334));
#3801=CARTESIAN_POINT('',(-0.0401666666666666,0.0015,0.0334));
#3802=CARTESIAN_POINT('',(-0.0401666666666666,0.0035,0.0334));
#3803=CARTESIAN_POINT('',(0.,-4.94884285529278E-18,0.0334));
#3804=CARTESIAN_POINT('',(0.0226498366930961,0.0273355976297589,0.0334));
#3805=CARTESIAN_POINT('',(0.0165659153268777,0.0313977777777778,0.0334));
#3806=CARTESIAN_POINT('',(0.0239258838307352,0.0288756312990411,0.0334));
#3807=CARTESIAN_POINT('',(0.0253400973931084,0.027461417736668,0.0334));
#3808=CARTESIAN_POINT('',(-0.00106066017177982,0.00106066017177982,0.0334));
#3809=CARTESIAN_POINT('',(0.0296311327607339,0.0317524531042936,0.0334));
#3810=CARTESIAN_POINT('',(0.0282169191983609,0.0331666666666666,0.0334));
#3811=CARTESIAN_POINT('',(0.0282169191983609,0.0351666666666667,0.0334));
#3812=CARTESIAN_POINT('',(0.,0.0351666666666667,0.0334));
#3813=CARTESIAN_POINT('',(0.0174992063312089,0.0351666666666667,0.0334));
#3814=CARTESIAN_POINT('',(0.0174992063312089,0.0331666666666666,0.0334));
#3815=CARTESIAN_POINT('',(0.,-4.94884285529278E-18,0.0334));
#3816=CARTESIAN_POINT('',(-0.0165659153268777,0.0313977777777778,0.0334));
#3817=CARTESIAN_POINT('',(-0.0226498366930961,0.0273355976297589,0.0334));
#3818=CARTESIAN_POINT('',(-0.0174992063312089,0.0331666666666666,0.0334));
#3819=CARTESIAN_POINT('',(-0.0174992063312089,0.0351666666666667,0.0334));
#3820=CARTESIAN_POINT('',(0.,0.0351666666666667,0.0334));
#3821=CARTESIAN_POINT('',(-0.0282169191983609,0.0351666666666667,0.0334));
#3822=CARTESIAN_POINT('',(-0.0282169191983609,0.0331666666666666,0.0334));
#3823=CARTESIAN_POINT('',(-0.0296311327607339,0.0317524531042936,0.0334));
#3824=CARTESIAN_POINT('',(0.00106066017177982,0.00106066017177982,0.0334));
#3825=CARTESIAN_POINT('',(-0.0253400973931084,0.027461417736668,0.0334));
#3826=CARTESIAN_POINT('',(-0.0239258838307352,0.0288756312990411,0.0334));
#3827=CARTESIAN_POINT('',(0.,-4.94884285529278E-18,0.0334));
#3828=CARTESIAN_POINT('',(0.0165659153268778,-0.0313977777777778,0.0334));
#3829=CARTESIAN_POINT('',(0.0226498366930961,-0.0273355976297589,0.0334));
#3830=CARTESIAN_POINT('',(0.0174992063312089,-0.0331666666666666,0.0334));
#3831=CARTESIAN_POINT('',(0.0174992063312089,-0.0351666666666667,0.0334));
#3832=CARTESIAN_POINT('',(0.,-0.0351666666666667,0.0334));
#3833=CARTESIAN_POINT('',(0.0282169191983609,-0.0351666666666667,0.0334));
#3834=CARTESIAN_POINT('',(0.0282169191983609,-0.0331666666666666,0.0334));
#3835=CARTESIAN_POINT('',(0.0296311327607339,-0.0317524531042936,0.0334));
#3836=CARTESIAN_POINT('',(-0.00106066017177982,-0.00106066017177982,0.0334));
#3837=CARTESIAN_POINT('',(0.0253400973931084,-0.027461417736668,0.0334));
#3838=CARTESIAN_POINT('',(0.0239258838307352,-0.0288756312990411,0.0334));
#3839=CARTESIAN_POINT('',(0.,-4.94884285529278E-18,0.0334));
#3840=CARTESIAN_POINT('',(0.0313977777777778,0.0165659153268777,0.0334));
#3841=CARTESIAN_POINT('',(0.0273355976297589,0.0226498366930961,0.0334));
#3842=CARTESIAN_POINT('',(0.0331666666666666,0.0174992063312089,0.0334));
#3843=CARTESIAN_POINT('',(0.0351666666666667,0.0174992063312089,0.0334));
#3844=CARTESIAN_POINT('',(0.0351666666666667,6.65503006238375E-18,0.0334));
#3845=CARTESIAN_POINT('',(0.0351666666666667,0.0282169191983609,0.0334));
#3846=CARTESIAN_POINT('',(0.0331666666666666,0.0282169191983609,0.0334));
#3847=CARTESIAN_POINT('',(0.0317524531042936,0.0296311327607339,0.0334));
#3848=CARTESIAN_POINT('',(0.00106066017177982,-0.00106066017177982,0.0334));
#3849=CARTESIAN_POINT('',(0.027461417736668,0.0253400973931084,0.0334));
#3850=CARTESIAN_POINT('',(0.0288756312990411,0.0239258838307352,0.0334));
#3851=CARTESIAN_POINT('',(-0.0381666666666667,-7.2227577454307E-18,0.0334));
#3852=CARTESIAN_POINT('',(-0.0381666666666667,-0.0352169191983608,0.0334));
#3853=CARTESIAN_POINT('',(-0.0381666666666667,-0.0035,0.0334));
#3854=CARTESIAN_POINT('',(-0.0401666666666666,-0.0035,0.0334));
#3855=CARTESIAN_POINT('',(-0.0401666666666666,-0.0015,0.0334));
#3856=CARTESIAN_POINT('',(1.66533453693774E-19,-0.0015,0.0334));
#3857=CARTESIAN_POINT('',(-0.0415,-0.0015,0.0334));
#3858=CARTESIAN_POINT('',(-0.0415,-0.0035,0.0334));
#3859=CARTESIAN_POINT('',(-0.0435,-0.0035,0.0334));
#3860=CARTESIAN_POINT('',(-0.0435,0.,0.0334));
#3861=CARTESIAN_POINT('',(-0.0435,-0.0365502525316941,0.0334));
#3862=CARTESIAN_POINT('',(-0.0415,-0.0365502525316941,0.0334));
#3863=CARTESIAN_POINT('',(-0.0400857864376269,-0.0379644660940672,0.0334));
#3864=CARTESIAN_POINT('',(-0.00106066017177982,0.00106066017177982,0.0334));
#3865=CARTESIAN_POINT('',(-0.0387524531042936,-0.0366311327607339,0.0334));
#3866=CARTESIAN_POINT('',(-0.0401666666666666,-0.0352169191983608,0.0334));
#3867=CARTESIAN_POINT('',(-0.045,0.045,0.0334));
#3868=CARTESIAN_POINT('',(-0.0429,0.045,0.0334));
#3869=CARTESIAN_POINT('',(-0.045,-0.045,0.0334));
#3870=CARTESIAN_POINT('',(-0.0429,-0.045,0.0334));
#3871=CARTESIAN_POINT('',(0.045,-0.045,0.0334));
#3872=CARTESIAN_POINT('',(0.0471,-0.045,0.0334));
#3873=CARTESIAN_POINT('',(0.045,0.045,0.0334));
#3874=CARTESIAN_POINT('',(0.0471,0.045,0.0334));
#3875=CARTESIAN_POINT('',(0.,-4.94884285529278E-18,0.0334));
#3876=CARTESIAN_POINT('',(0.0325,-4.94884285529278E-18,0.0334));
#3877=CARTESIAN_POINT('',(-0.05,0.,0.0334));
#3878=CARTESIAN_POINT('',(-0.05,0.05,0.0334));
#3879=CARTESIAN_POINT('',(-0.05,-0.05,0.0334));
#3880=CARTESIAN_POINT('',(0.,0.05,0.0334));
#3881=CARTESIAN_POINT('',(0.05,0.05,0.0334));
#3882=CARTESIAN_POINT('',(0.05,0.,0.0334));
#3883=CARTESIAN_POINT('',(0.05,-0.05,0.0334));
#3884=CARTESIAN_POINT('',(0.,-0.05,0.0334));
#3885=CARTESIAN_POINT('',(0.,-4.94884285529278E-18,0.0334));
#3886=CARTESIAN_POINT('',(0.0273355976297589,-0.0226498366930961,0.0334));
#3887=CARTESIAN_POINT('',(0.0313977777777778,-0.0165659153268777,0.0334));
#3888=CARTESIAN_POINT('',(0.0288756312990411,-0.0239258838307352,0.0334));
#3889=CARTESIAN_POINT('',(0.027461417736668,-0.0253400973931084,0.0334));
#3890=CARTESIAN_POINT('',(0.00106066017177982,0.00106066017177982,0.0334));
#3891=CARTESIAN_POINT('',(0.0317524531042936,-0.0296311327607339,0.0334));
#3892=CARTESIAN_POINT('',(0.0331666666666667,-0.0282169191983609,0.0334));
#3893=CARTESIAN_POINT('',(0.0351666666666667,-0.0282169191983609,0.0334));
#3894=CARTESIAN_POINT('',(0.0351666666666667,6.65503006238375E-18,0.0334));
#3895=CARTESIAN_POINT('',(0.0351666666666667,-0.0174992063312089,0.0334));
#3896=CARTESIAN_POINT('',(0.0331666666666667,-0.0174992063312089,0.0334));
#3897=CARTESIAN_POINT('',(0.,-4.94884285529278E-18,0.0334));
#3898=CARTESIAN_POINT('',(-0.0226498366930961,-0.0273355976297589,0.0334));
#3899=CARTESIAN_POINT('',(-0.0165659153268778,-0.0313977777777778,0.0334));
#3900=CARTESIAN_POINT('',(-0.0239258838307352,-0.0288756312990411,0.0334));
#3901=CARTESIAN_POINT('',(-0.0253400973931084,-0.027461417736668,0.0334));
#3902=CARTESIAN_POINT('',(0.00106066017177983,-0.00106066017177983,0.0334));
#3903=CARTESIAN_POINT('',(-0.0296311327607339,-0.0317524531042936,0.0334));
#3904=CARTESIAN_POINT('',(-0.0282169191983609,-0.0331666666666666,0.0334));
#3905=CARTESIAN_POINT('',(-0.0282169191983609,-0.0351666666666667,0.0334));
#3906=CARTESIAN_POINT('',(0.,-0.0351666666666667,0.0334));
#3907=CARTESIAN_POINT('',(-0.0174992063312089,-0.0351666666666667,0.0334));
#3908=CARTESIAN_POINT('',(-0.0174992063312089,-0.0331666666666666,0.0334));
#3909=CARTESIAN_POINT('',(0.,-4.94884285529278E-18,0.0334));
#3910=CARTESIAN_POINT('',(-0.0273355976297589,0.0226498366930961,0.0334));
#3911=CARTESIAN_POINT('',(-0.0313977777777777,0.0165659153268778,0.0334));
#3912=CARTESIAN_POINT('',(-0.0288756312990411,0.0239258838307352,0.0334));
#3913=CARTESIAN_POINT('',(-0.027461417736668,0.0253400973931084,0.0334));
#3914=CARTESIAN_POINT('',(-0.00106066017177982,-0.00106066017177982,0.0334));
#3915=CARTESIAN_POINT('',(-0.0317524531042936,0.0296311327607339,0.0334));
#3916=CARTESIAN_POINT('',(-0.0331666666666666,0.0282169191983608,0.0334));
#3917=CARTESIAN_POINT('',(-0.0351666666666667,0.0282169191983608,0.0334));
#3918=CARTESIAN_POINT('',(-0.0351666666666667,-6.65503006238374E-18,0.0334));
#3919=CARTESIAN_POINT('',(-0.0351666666666667,0.017499206331209,0.0334));
#3920=CARTESIAN_POINT('',(-0.0331666666666666,0.017499206331209,0.0334));
#3921=CARTESIAN_POINT('',(0.0381666666666667,7.22275774543071E-18,0.0334));
#3922=CARTESIAN_POINT('',(0.0381666666666667,0.0035,0.0334));
#3923=CARTESIAN_POINT('',(0.0381666666666667,0.0352169191983608,0.0334));
#3924=CARTESIAN_POINT('',(0.0401666666666666,0.0035,0.0334));
#3925=CARTESIAN_POINT('',(0.0401666666666666,0.0015,0.0334));
#3926=CARTESIAN_POINT('',(0.,0.0015,0.0334));
#3927=CARTESIAN_POINT('',(0.0415,0.0015,0.0334));
#3928=CARTESIAN_POINT('',(0.0415,0.0035,0.0334));
#3929=CARTESIAN_POINT('',(0.0435,0.0035,0.0334));
#3930=CARTESIAN_POINT('',(0.0435,0.,0.0334));
#3931=CARTESIAN_POINT('',(0.0435,0.0365502525316941,0.0334));
#3932=CARTESIAN_POINT('',(0.0415,0.0365502525316941,0.0334));
#3933=CARTESIAN_POINT('',(0.0400857864376269,0.0379644660940672,0.0334));
#3934=CARTESIAN_POINT('',(0.00106066017177984,-0.00106066017177984,0.0334));
#3935=CARTESIAN_POINT('',(0.0387524531042936,0.036631132760734,0.0334));
#3936=CARTESIAN_POINT('',(0.0401666666666666,0.0352169191983608,0.0334));
#3937=CARTESIAN_POINT('',(0.,-0.0015,0.0334));
#3938=CARTESIAN_POINT('',(0.0415,-0.0015,0.0334));
#3939=CARTESIAN_POINT('',(0.0401666666666667,-0.0015,0.0334));
#3940=CARTESIAN_POINT('',(0.0401666666666667,-0.0035,0.0334));
#3941=CARTESIAN_POINT('',(0.0381666666666667,-0.0035,0.0334));
#3942=CARTESIAN_POINT('',(0.0381666666666667,7.22275774543071E-18,0.0334));
#3943=CARTESIAN_POINT('',(0.0381666666666667,-0.0352169191983608,0.0334));
#3944=CARTESIAN_POINT('',(0.0401666666666667,-0.0352169191983608,0.0334));
#3945=CARTESIAN_POINT('',(0.0387524531042936,-0.036631132760734,0.0334));
#3946=CARTESIAN_POINT('',(0.00106066017177982,0.00106066017177982,0.0334));
#3947=CARTESIAN_POINT('',(0.0400857864376269,-0.0379644660940672,0.0334));
#3948=CARTESIAN_POINT('',(0.0415,-0.0365502525316941,0.0334));
#3949=CARTESIAN_POINT('',(0.0435,-0.0365502525316941,0.0334));
#3950=CARTESIAN_POINT('',(0.0435,0.,0.0334));
#3951=CARTESIAN_POINT('',(0.0435,-0.0035,0.0334));
#3952=CARTESIAN_POINT('',(0.0415,-0.0035,0.0334));
#3953=CARTESIAN_POINT('',(0.,-0.0381666666666667,0.0334));
#3954=CARTESIAN_POINT('',(0.0035,-0.0381666666666667,0.0334));
#3955=CARTESIAN_POINT('',(0.0352169191983608,-0.0381666666666667,0.0334));
#3956=CARTESIAN_POINT('',(0.0035,-0.0401666666666667,0.0334));
#3957=CARTESIAN_POINT('',(0.0015,-0.0401666666666667,0.0334));
#3958=CARTESIAN_POINT('',(0.0015,1.66533453693774E-19,0.0334));
#3959=CARTESIAN_POINT('',(0.0015,-0.0415,0.0334));
#3960=CARTESIAN_POINT('',(0.0035,-0.0415,0.0334));
#3961=CARTESIAN_POINT('',(0.0035,-0.0435,0.0334));
#3962=CARTESIAN_POINT('',(0.,-0.0435,0.0334));
#3963=CARTESIAN_POINT('',(0.0365502525316941,-0.0435,0.0334));
#3964=CARTESIAN_POINT('',(0.0365502525316941,-0.0415,0.0334));
#3965=CARTESIAN_POINT('',(0.0379644660940672,-0.0400857864376269,0.0334));
#3966=CARTESIAN_POINT('',(-0.00106066017177982,-0.00106066017177982,0.0334));
#3967=CARTESIAN_POINT('',(0.036631132760734,-0.0387524531042936,0.0334));
#3968=CARTESIAN_POINT('',(0.0352169191983608,-0.0401666666666667,0.0334));
#3969=CARTESIAN_POINT('',(-0.0015,-1.66533453693774E-19,0.0334));
#3970=CARTESIAN_POINT('',(-0.0015,-0.0401666666666667,0.0334));
#3971=CARTESIAN_POINT('',(-0.0015,-0.0415,0.0334));
#3972=CARTESIAN_POINT('',(-0.0035,-0.0401666666666667,0.0334));
#3973=CARTESIAN_POINT('',(-0.0035,-0.0381666666666667,0.0334));
#3974=CARTESIAN_POINT('',(0.,-0.0381666666666667,0.0334));
#3975=CARTESIAN_POINT('',(-0.0352169191983608,-0.0381666666666667,0.0334));
#3976=CARTESIAN_POINT('',(-0.0352169191983608,-0.0401666666666667,0.0334));
#3977=CARTESIAN_POINT('',(-0.036631132760734,-0.0387524531042936,0.0334));
#3978=CARTESIAN_POINT('',(0.00106066017177982,-0.00106066017177982,0.0334));
#3979=CARTESIAN_POINT('',(-0.0379644660940672,-0.0400857864376269,0.0334));
#3980=CARTESIAN_POINT('',(-0.0365502525316941,-0.0415,0.0334));
#3981=CARTESIAN_POINT('',(-0.0365502525316941,-0.0435,0.0334));
#3982=CARTESIAN_POINT('',(0.,-0.0435,0.0334));
#3983=CARTESIAN_POINT('',(-0.0035,-0.0435,0.0334));
#3984=CARTESIAN_POINT('',(-0.0035,-0.0415,0.0334));
#3985=CARTESIAN_POINT('',(0.,-4.94884285529278E-18,0.0334));
#3986=CARTESIAN_POINT('',(-0.0313977777777777,-0.0165659153268778,0.0334));
#3987=CARTESIAN_POINT('',(-0.0273355976297589,-0.0226498366930961,0.0334));
#3988=CARTESIAN_POINT('',(-0.0331666666666666,-0.017499206331209,0.0334));
#3989=CARTESIAN_POINT('',(-0.0351666666666667,-0.017499206331209,0.0334));
#3990=CARTESIAN_POINT('',(-0.0351666666666667,-6.65503006238375E-18,0.0334));
#3991=CARTESIAN_POINT('',(-0.0351666666666667,-0.0282169191983608,0.0334));
#3992=CARTESIAN_POINT('',(-0.0331666666666666,-0.0282169191983608,0.0334));
#3993=CARTESIAN_POINT('',(-0.0317524531042936,-0.0296311327607339,0.0334));
#3994=CARTESIAN_POINT('',(-0.00106066017177981,0.00106066017177981,0.0334));
#3995=CARTESIAN_POINT('',(-0.027461417736668,-0.0253400973931084,0.0334));
#3996=CARTESIAN_POINT('',(-0.0288756312990411,-0.0239258838307352,0.0334));
#3997=CARTESIAN_POINT('',(-0.05,0.,0.035402));
#3998=CARTESIAN_POINT('',(-0.05,0.05,0.035402));
#3999=CARTESIAN_POINT('',(-0.05,-0.05,0.035402));
#4000=CARTESIAN_POINT('',(0.,-0.05,0.035402));
#4001=CARTESIAN_POINT('',(0.05,-0.05,0.035402));
#4002=CARTESIAN_POINT('',(0.05,0.,0.035402));
#4003=CARTESIAN_POINT('',(0.05,0.05,0.035402));
#4004=CARTESIAN_POINT('',(0.,-4.94884285529278E-18,0.035402));
#4005=CARTESIAN_POINT('',(0.045,0.045,0.035402));
#4006=CARTESIAN_POINT('',(0.045,-0.045,0.035402));
#4007=CARTESIAN_POINT('',(-0.045,-0.045,0.035402));
#4008=CARTESIAN_POINT('',(-0.045,0.045,0.035402));
#4009=CARTESIAN_POINT('',(0.,0.05,0.035402));
#4010=CARTESIAN_POINT('',(-0.0418939935051132,-0.0397726731615535,0.0299));
#4011=CARTESIAN_POINT('',(-0.0400857864376269,-0.0379644660940672,0.0299));
#4012=CARTESIAN_POINT('',(-0.0387524531042936,-0.0366311327607339,0.0299));
#4013=CARTESIAN_POINT('',(-0.0381666666666667,-0.0183333333333334,0.0299));
#4014=CARTESIAN_POINT('',(-0.0381666666666667,-0.0352169191983608,0.0299));
#4015=CARTESIAN_POINT('',(-0.0381666666666667,-0.0035,0.0299));
#4016=CARTESIAN_POINT('',(-0.0408333333333333,-0.0015,0.0299));
#4017=CARTESIAN_POINT('',(-0.0401666666666666,-0.0015,0.0299));
#4018=CARTESIAN_POINT('',(-0.0415,-0.0015,0.0299));
#4019=CARTESIAN_POINT('',(-0.0435,-0.0225,0.0299));
#4020=CARTESIAN_POINT('',(-0.0435,-0.0035,0.0299));
#4021=CARTESIAN_POINT('',(-0.0435,-0.0365502525316941,0.0299));
#4022=CARTESIAN_POINT('',(-0.0401666666666666,-0.0352169191983608,0.0299));
#4023=CARTESIAN_POINT('',(-0.0401666666666666,-0.0035,0.0299));
#4024=CARTESIAN_POINT('',(-0.0415,-0.0035,0.0299));
#4025=CARTESIAN_POINT('',(-0.0415,-0.0365502525316941,0.0299));
#4026=CARTESIAN_POINT('',(0.0308844786993946,0.0287631583558349,0.0299));
#4027=CARTESIAN_POINT('',(0.0317524531042936,0.0296311327607339,0.0299));
#4028=CARTESIAN_POINT('',(0.027461417736668,0.0253400973931084,0.0299));
#4029=CARTESIAN_POINT('',(0.0351666666666667,0.0183333333333334,0.0299));
#4030=CARTESIAN_POINT('',(0.0351666666666667,0.0174992063312089,0.0284));
#4031=CARTESIAN_POINT('',(0.0351666666666667,0.0282169191983609,0.0299));
#4032=CARTESIAN_POINT('',(0.,-4.94884285529278E-18,0.0284));
#4033=CARTESIAN_POINT('',(0.0273355976297589,0.0226498366930961,0.0354));
#4034=CARTESIAN_POINT('',(0.0313977777777778,0.0165659153268777,0.0314));
#4035=CARTESIAN_POINT('',(0.0288756312990411,0.0239258838307352,0.0284));
#4036=CARTESIAN_POINT('',(0.0331666666666666,0.0174992063312089,0.0284));
#4037=CARTESIAN_POINT('',(0.0331666666666666,0.0282169191983609,0.0299));
#4038=CARTESIAN_POINT('',(0.0308844786993946,-0.0287631583558349,0.0299));
#4039=CARTESIAN_POINT('',(0.027461417736668,-0.0253400973931084,0.0299));
#4040=CARTESIAN_POINT('',(0.0317524531042936,-0.0296311327607339,0.0299));
#4041=CARTESIAN_POINT('',(0.0351666666666667,-0.0183333333333334,0.0299));
#4042=CARTESIAN_POINT('',(0.0351666666666667,-0.0282169191983609,0.0299));
#4043=CARTESIAN_POINT('',(0.0351666666666667,-0.0174992063312089,0.0284));
#4044=CARTESIAN_POINT('',(0.,-4.94884285529278E-18,0.0284));
#4045=CARTESIAN_POINT('',(0.0313977777777778,-0.0165659153268777,0.0354));
#4046=CARTESIAN_POINT('',(0.0273355976297589,-0.0226498366930961,0.0314));
#4047=CARTESIAN_POINT('',(0.0288756312990411,-0.0239258838307352,0.0284));
#4048=CARTESIAN_POINT('',(0.0331666666666667,-0.0174992063312089,0.0284));
#4049=CARTESIAN_POINT('',(0.0331666666666667,-0.0282169191983609,0.0299));
#4050=CARTESIAN_POINT('',(0.0183333333333334,-0.0351666666666667,0.0299));
#4051=CARTESIAN_POINT('',(0.0174992063312089,-0.0351666666666667,0.0284));
#4052=CARTESIAN_POINT('',(0.0282169191983609,-0.0351666666666667,0.0299));
#4053=CARTESIAN_POINT('',(0.0287631583558349,-0.0308844786993946,0.0299));
#4054=CARTESIAN_POINT('',(0.0296311327607339,-0.0317524531042936,0.0299));
#4055=CARTESIAN_POINT('',(0.0253400973931084,-0.027461417736668,0.0284));
#4056=CARTESIAN_POINT('',(0.,-4.94884285529278E-18,0.0284));
#4057=CARTESIAN_POINT('',(0.0226498366930961,-0.0273355976297589,0.0354));
#4058=CARTESIAN_POINT('',(0.0165659153268778,-0.0313977777777778,0.0314));
#4059=CARTESIAN_POINT('',(0.0174992063312089,-0.0331666666666666,0.0284));
#4060=CARTESIAN_POINT('',(0.0239258838307352,-0.0288756312990411,0.0284));
#4061=CARTESIAN_POINT('',(0.0282169191983609,-0.0331666666666666,0.0299));
#4062=CARTESIAN_POINT('',(-0.0287631583558349,-0.0308844786993946,0.0299));
#4063=CARTESIAN_POINT('',(-0.0253400973931084,-0.027461417736668,0.0299));
#4064=CARTESIAN_POINT('',(-0.0296311327607339,-0.0317524531042936,0.0299));
#4065=CARTESIAN_POINT('',(-0.0183333333333333,-0.0351666666666667,0.0299));
#4066=CARTESIAN_POINT('',(-0.0282169191983609,-0.0351666666666667,0.0299));
#4067=CARTESIAN_POINT('',(-0.0174992063312089,-0.0351666666666667,0.0284));
#4068=CARTESIAN_POINT('',(0.,-4.94884285529278E-18,0.0284));
#4069=CARTESIAN_POINT('',(-0.0165659153268778,-0.0313977777777778,0.0354));
#4070=CARTESIAN_POINT('',(-0.0226498366930961,-0.0273355976297589,0.0314));
#4071=CARTESIAN_POINT('',(-0.0239258838307352,-0.0288756312990411,0.0284));
#4072=CARTESIAN_POINT('',(-0.0174992063312089,-0.0331666666666666,0.0284));
#4073=CARTESIAN_POINT('',(-0.0282169191983609,-0.0331666666666666,0.0299));
#4074=CARTESIAN_POINT('',(0.,-4.94884285529278E-18,0.0284));
#4075=CARTESIAN_POINT('',(-0.0226498366930961,0.0273355976297589,0.0354));
#4076=CARTESIAN_POINT('',(-0.0165659153268777,0.0313977777777778,0.0314));
#4077=CARTESIAN_POINT('',(-0.0287631583558349,0.0308844786993946,0.0299));
#4078=CARTESIAN_POINT('',(-0.0296311327607339,0.0317524531042936,0.0299));
#4079=CARTESIAN_POINT('',(-0.0253400973931084,0.027461417736668,0.0299));
#4080=CARTESIAN_POINT('',(-0.0183333333333334,0.0351666666666667,0.0299));
#4081=CARTESIAN_POINT('',(-0.0174992063312089,0.0351666666666667,0.0299));
#4082=CARTESIAN_POINT('',(-0.0282169191983609,0.0351666666666667,0.0299));
#4083=CARTESIAN_POINT('',(-0.0239258838307352,0.0288756312990411,0.0284));
#4084=CARTESIAN_POINT('',(-0.0174992063312089,0.0331666666666666,0.0284));
#4085=CARTESIAN_POINT('',(-0.0282169191983609,0.0331666666666666,0.0299));
#4086=CARTESIAN_POINT('',(0.,-4.94884285529278E-18,0.0284));
#4087=CARTESIAN_POINT('',(-0.0313977777777777,0.0165659153268778,0.0354));
#4088=CARTESIAN_POINT('',(-0.0273355976297589,0.0226498366930961,0.0314));
#4089=CARTESIAN_POINT('',(-0.0308844786993946,0.0287631583558349,0.0299));
#4090=CARTESIAN_POINT('',(-0.027461417736668,0.0253400973931084,0.0284));
#4091=CARTESIAN_POINT('',(-0.0317524531042936,0.0296311327607339,0.0299));
#4092=CARTESIAN_POINT('',(-0.0351666666666667,0.0183333333333334,0.0299));
#4093=CARTESIAN_POINT('',(-0.0351666666666667,0.0282169191983608,0.0299));
#4094=CARTESIAN_POINT('',(-0.0351666666666667,0.017499206331209,0.0299));
#4095=CARTESIAN_POINT('',(-0.0288756312990411,0.0239258838307352,0.0284));
#4096=CARTESIAN_POINT('',(-0.0331666666666666,0.017499206331209,0.0284));
#4097=CARTESIAN_POINT('',(-0.0331666666666666,0.0282169191983608,0.0299));
#4098=CARTESIAN_POINT('',(0.,-4.94884285529278E-18,0.0284));
#4099=CARTESIAN_POINT('',(0.0165659153268777,0.0313977777777778,0.0354));
#4100=CARTESIAN_POINT('',(0.0226498366930961,0.0273355976297589,0.0314));
#4101=CARTESIAN_POINT('',(0.0287631583558349,0.0308844786993946,0.0299));
#4102=CARTESIAN_POINT('',(0.0253400973931084,0.027461417736668,0.0284));
#4103=CARTESIAN_POINT('',(0.0296311327607339,0.0317524531042936,0.0299));
#4104=CARTESIAN_POINT('',(0.0183333333333334,0.0351666666666667,0.0299));
#4105=CARTESIAN_POINT('',(0.0282169191983609,0.0351666666666667,0.0299));
#4106=CARTESIAN_POINT('',(0.0174992063312089,0.0351666666666667,0.0299));
#4107=CARTESIAN_POINT('',(0.0239258838307352,0.0288756312990411,0.0284));
#4108=CARTESIAN_POINT('',(0.0174992063312089,0.0331666666666666,0.0284));
#4109=CARTESIAN_POINT('',(0.0282169191983609,0.0331666666666666,0.0299));
#4110=CARTESIAN_POINT('',(0.0418939935051132,0.0397726731615535,0.0299));
#4111=CARTESIAN_POINT('',(0.0400857864376269,0.0379644660940672,0.0299));
#4112=CARTESIAN_POINT('',(0.0387524531042936,0.036631132760734,0.0299));
#4113=CARTESIAN_POINT('',(0.0381666666666667,0.0183333333333334,0.0299));
#4114=CARTESIAN_POINT('',(0.0381666666666667,0.0352169191983608,0.0299));
#4115=CARTESIAN_POINT('',(0.0381666666666667,0.0035,0.0299));
#4116=CARTESIAN_POINT('',(0.0408333333333334,0.0015,0.0299));
#4117=CARTESIAN_POINT('',(0.0401666666666666,0.0015,0.0299));
#4118=CARTESIAN_POINT('',(0.0415,0.0015,0.0299));
#4119=CARTESIAN_POINT('',(0.0435,0.0225,0.0299));
#4120=CARTESIAN_POINT('',(0.0435,0.0035,0.0299));
#4121=CARTESIAN_POINT('',(0.0435,0.0365502525316941,0.0299));
#4122=CARTESIAN_POINT('',(0.0401666666666666,0.0352169191983608,0.0299));
#4123=CARTESIAN_POINT('',(0.0401666666666666,0.0035,0.0299));
#4124=CARTESIAN_POINT('',(0.0415,0.0035,0.0299));
#4125=CARTESIAN_POINT('',(0.0415,0.0365502525316941,0.0299));
#4126=CARTESIAN_POINT('',(0.0435,-0.0225,0.0299));
#4127=CARTESIAN_POINT('',(0.0435,-0.0365502525316941,0.0299));
#4128=CARTESIAN_POINT('',(0.0435,-0.0035,0.0299));
#4129=CARTESIAN_POINT('',(0.0408333333333334,-0.0015,0.0299));
#4130=CARTESIAN_POINT('',(0.0415,-0.0015,0.0299));
#4131=CARTESIAN_POINT('',(0.0401666666666667,-0.0015,0.0299));
#4132=CARTESIAN_POINT('',(0.0381666666666667,-0.0183333333333334,0.0299));
#4133=CARTESIAN_POINT('',(0.0381666666666667,-0.0035,0.0299));
#4134=CARTESIAN_POINT('',(0.0381666666666667,-0.0352169191983608,0.0299));
#4135=CARTESIAN_POINT('',(0.0418939935051132,-0.0397726731615535,0.0299));
#4136=CARTESIAN_POINT('',(0.0387524531042936,-0.036631132760734,0.0299));
#4137=CARTESIAN_POINT('',(0.0400857864376269,-0.0379644660940672,0.0299));
#4138=CARTESIAN_POINT('',(0.0415,-0.0035,0.0299));
#4139=CARTESIAN_POINT('',(0.0401666666666667,-0.0035,0.0299));
#4140=CARTESIAN_POINT('',(0.0401666666666667,-0.0352169191983608,0.0299));
#4141=CARTESIAN_POINT('',(0.0415,-0.0365502525316941,0.0299));
#4142=CARTESIAN_POINT('',(0.0397726731615535,-0.0418939935051132,0.0299));
#4143=CARTESIAN_POINT('',(0.0379644660940672,-0.0400857864376269,0.0299));
#4144=CARTESIAN_POINT('',(0.036631132760734,-0.0387524531042936,0.0299));
#4145=CARTESIAN_POINT('',(0.0183333333333334,-0.0381666666666667,0.0299));
#4146=CARTESIAN_POINT('',(0.0352169191983608,-0.0381666666666667,0.0299));
#4147=CARTESIAN_POINT('',(0.0035,-0.0381666666666667,0.0299));
#4148=CARTESIAN_POINT('',(0.0015,-0.0408333333333334,0.0299));
#4149=CARTESIAN_POINT('',(0.0015,-0.0401666666666667,0.0299));
#4150=CARTESIAN_POINT('',(0.0015,-0.0415,0.0299));
#4151=CARTESIAN_POINT('',(0.0225,-0.0435,0.0299));
#4152=CARTESIAN_POINT('',(0.0035,-0.0435,0.0299));
#4153=CARTESIAN_POINT('',(0.0365502525316941,-0.0435,0.0299));
#4154=CARTESIAN_POINT('',(0.0352169191983608,-0.0401666666666667,0.0299));
#4155=CARTESIAN_POINT('',(0.0035,-0.0401666666666667,0.0299));
#4156=CARTESIAN_POINT('',(0.0035,-0.0415,0.0299));
#4157=CARTESIAN_POINT('',(0.0365502525316941,-0.0415,0.0299));
#4158=CARTESIAN_POINT('',(-0.0397726731615535,-0.0418939935051132,0.0299));
#4159=CARTESIAN_POINT('',(-0.036631132760734,-0.0387524531042936,0.0299));
#4160=CARTESIAN_POINT('',(-0.0379644660940672,-0.0400857864376269,0.0299));
#4161=CARTESIAN_POINT('',(-0.0225,-0.0435,0.0299));
#4162=CARTESIAN_POINT('',(-0.0365502525316941,-0.0435,0.0299));
#4163=CARTESIAN_POINT('',(-0.0035,-0.0435,0.0299));
#4164=CARTESIAN_POINT('',(-0.0015,-0.0408333333333334,0.0299));
#4165=CARTESIAN_POINT('',(-0.0015,-0.0415,0.0299));
#4166=CARTESIAN_POINT('',(-0.0015,-0.0401666666666667,0.0299));
#4167=CARTESIAN_POINT('',(-0.0183333333333333,-0.0381666666666667,0.0299));
#4168=CARTESIAN_POINT('',(-0.0035,-0.0381666666666667,0.0299));
#4169=CARTESIAN_POINT('',(-0.0352169191983608,-0.0381666666666667,0.0299));
#4170=CARTESIAN_POINT('',(-0.0352169191983608,-0.0401666666666667,0.0299));
#4171=CARTESIAN_POINT('',(-0.0035,-0.0415,0.0299));
#4172=CARTESIAN_POINT('',(-0.0035,-0.0401666666666667,0.0299));
#4173=CARTESIAN_POINT('',(-0.0365502525316941,-0.0415,0.0299));
#4174=CARTESIAN_POINT('',(-0.0351666666666667,-0.0183333333333334,0.0299));
#4175=CARTESIAN_POINT('',(-0.0351666666666667,-0.017499206331209,0.0299));
#4176=CARTESIAN_POINT('',(-0.0351666666666667,-0.0282169191983608,0.0299));
#4177=CARTESIAN_POINT('',(-0.0308844786993946,-0.0287631583558349,0.0299));
#4178=CARTESIAN_POINT('',(-0.0317524531042936,-0.0296311327607339,0.0299));
#4179=CARTESIAN_POINT('',(-0.027461417736668,-0.0253400973931084,0.0284));
#4180=CARTESIAN_POINT('',(0.,-4.94884285529278E-18,0.0284));
#4181=CARTESIAN_POINT('',(-0.0273355976297589,-0.0226498366930961,0.0354));
#4182=CARTESIAN_POINT('',(-0.0313977777777777,-0.0165659153268778,0.0314));
#4183=CARTESIAN_POINT('',(-0.0331666666666666,-0.017499206331209,0.0284));
#4184=CARTESIAN_POINT('',(-0.0288756312990411,-0.0239258838307352,0.0284));
#4185=CARTESIAN_POINT('',(-0.0331666666666666,-0.0282169191983608,0.0299));
#4186=CARTESIAN_POINT('',(-0.0435,0.0225,0.0299));
#4187=CARTESIAN_POINT('',(-0.0435,0.0365502525316941,0.0299));
#4188=CARTESIAN_POINT('',(-0.0435,0.0035,0.0299));
#4189=CARTESIAN_POINT('',(-0.0408333333333333,0.0015,0.0299));
#4190=CARTESIAN_POINT('',(-0.0415,0.0015,0.0299));
#4191=CARTESIAN_POINT('',(-0.0401666666666666,0.0015,0.0299));
#4192=CARTESIAN_POINT('',(-0.0381666666666667,0.0183333333333334,0.0299));
#4193=CARTESIAN_POINT('',(-0.0381666666666667,0.0035,0.0299));
#4194=CARTESIAN_POINT('',(-0.0381666666666667,0.0352169191983608,0.0299));
#4195=CARTESIAN_POINT('',(-0.0418939935051132,0.0397726731615535,0.0299));
#4196=CARTESIAN_POINT('',(-0.0387524531042936,0.0366311327607339,0.0299));
#4197=CARTESIAN_POINT('',(-0.0400857864376269,0.0379644660940672,0.0299));
#4198=CARTESIAN_POINT('',(-0.0415,0.0365502525316941,0.0299));
#4199=CARTESIAN_POINT('',(-0.0401666666666666,0.0035,0.0299));
#4200=CARTESIAN_POINT('',(-0.0401666666666666,0.0352169191983608,0.0299));
#4201=CARTESIAN_POINT('',(-0.0415,0.0035,0.0299));
#4202=CARTESIAN_POINT('',(-0.0397726731615535,0.0418939935051132,0.0299));
#4203=CARTESIAN_POINT('',(-0.0379644660940672,0.0400857864376269,0.0299));
#4204=CARTESIAN_POINT('',(-0.036631132760734,0.0387524531042936,0.0299));
#4205=CARTESIAN_POINT('',(-0.0183333333333334,0.0381666666666667,0.0299));
#4206=CARTESIAN_POINT('',(-0.0352169191983608,0.0381666666666667,0.0299));
#4207=CARTESIAN_POINT('',(-0.0035,0.0381666666666667,0.0299));
#4208=CARTESIAN_POINT('',(-0.0015,0.0408333333333334,0.0299));
#4209=CARTESIAN_POINT('',(-0.0015,0.0401666666666667,0.0299));
#4210=CARTESIAN_POINT('',(-0.0015,0.0415,0.0299));
#4211=CARTESIAN_POINT('',(-0.0225,0.0435,0.0299));
#4212=CARTESIAN_POINT('',(-0.0035,0.0435,0.0299));
#4213=CARTESIAN_POINT('',(-0.0365502525316941,0.0435,0.0299));
#4214=CARTESIAN_POINT('',(-0.0352169191983608,0.0401666666666667,0.0299));
#4215=CARTESIAN_POINT('',(-0.0035,0.0401666666666667,0.0299));
#4216=CARTESIAN_POINT('',(-0.0035,0.0415,0.0299));
#4217=CARTESIAN_POINT('',(-0.0365502525316941,0.0415,0.0299));
#4218=CARTESIAN_POINT('',(0.0183333333333334,0.0381666666666667,0.0299));
#4219=CARTESIAN_POINT('',(0.0035,0.0381666666666667,0.0299));
#4220=CARTESIAN_POINT('',(0.0352169191983608,0.0381666666666667,0.0299));
#4221=CARTESIAN_POINT('',(0.0397726731615535,0.0418939935051132,0.0299));
#4222=CARTESIAN_POINT('',(0.036631132760734,0.0387524531042936,0.0299));
#4223=CARTESIAN_POINT('',(0.0379644660940672,0.0400857864376269,0.0299));
#4224=CARTESIAN_POINT('',(0.0225,0.0435,0.0299));
#4225=CARTESIAN_POINT('',(0.0365502525316942,0.0435,0.0299));
#4226=CARTESIAN_POINT('',(0.0035,0.0435,0.0299));
#4227=CARTESIAN_POINT('',(0.0015,0.0408333333333334,0.0299));
#4228=CARTESIAN_POINT('',(0.0015,0.0415,0.0299));
#4229=CARTESIAN_POINT('',(0.0015,0.0401666666666667,0.0299));
#4230=CARTESIAN_POINT('',(0.0035,0.0401666666666667,0.0299));
#4231=CARTESIAN_POINT('',(0.0352169191983608,0.0401666666666667,0.0299));
#4232=CARTESIAN_POINT('',(0.0035,0.0415,0.0299));
#4233=CARTESIAN_POINT('',(0.0365502525316942,0.0415,0.0299));
#4234=MECHANICAL_DESIGN_GEOMETRIC_PRESENTATION_REPRESENTATION('',(#2493),
#4235);
#4235=(
GEOMETRIC_REPRESENTATION_CONTEXT(3)
GLOBAL_UNCERTAINTY_ASSIGNED_CONTEXT((#4236))
GLOBAL_UNIT_ASSIGNED_CONTEXT((#4239,#4238,#4237))
REPRESENTATION_CONTEXT('electronics cover','TOP_LEVEL_ASSEMBLY_PART')
);
#4236=UNCERTAINTY_MEASURE_WITH_UNIT(LENGTH_MEASURE(1.E-8),#4239,
'DISTANCE_ACCURACY_VALUE','Maximum Tolerance applied to model');
#4237=(
NAMED_UNIT(*)
SI_UNIT($,.STERADIAN.)
SOLID_ANGLE_UNIT()
);
#4238=(
NAMED_UNIT(*)
PLANE_ANGLE_UNIT()
SI_UNIT($,.RADIAN.)
);
#4239=(
LENGTH_UNIT()
NAMED_UNIT(*)
SI_UNIT($,.METRE.)
);
#4240=PRODUCT_DEFINITION_SHAPE('','',#4241);
#4241=PRODUCT_DEFINITION('','',#4243,#4242);
#4242=PRODUCT_DEFINITION_CONTEXT('',#4249,'design');
#4243=PRODUCT_DEFINITION_FORMATION_WITH_SPECIFIED_SOURCE('','',#4245,
 .NOT_KNOWN.);
#4244=PRODUCT_RELATED_PRODUCT_CATEGORY('','',(#4245));
#4245=PRODUCT('electronics cover','electronics cover',
'electronics cover',(#4247));
#4246=PRODUCT_CATEGORY('','');
#4247=PRODUCT_CONTEXT('',#4249,'mechanical');
#4248=APPLICATION_PROTOCOL_DEFINITION('international standard',
'ap242_managed_model_based_3d_engineering',2011,#4249);
#4249=APPLICATION_CONTEXT('managed model based 3d engineering');
ENDSEC;
END-ISO-10303-21;
